{"v":"5.0.0","fr":25,"ip":0,"op":101,"w":750,"h":1334,"nm":"articulation","ddd":0,"assets":[],"layers":[{"ddd":0,"ind":1,"ty":4,"nm":"shape - 1","sr":1,"ks":{"o":{"a":0,"k":90,"ix":11},"r":{"a":0,"k":0,"ix":10},"p":{"a":1,"k":[{"i":{"x":0.2,"y":1},"o":{"x":0.8,"y":0},"n":"0p2_1_0p8_0","t":15,"s":[1018,678.5,0],"e":[62,745.5,0],"to":[-464,615.5,0],"ti":[0,0,0]},{"i":{"x":0.2,"y":1},"o":{"x":0.8,"y":0},"n":"0p2_1_0p8_0","t":48.333,"s":[62,745.5,0],"e":[1018,235.884,0],"to":[700,90.5,0],"ti":[19,-33.1163787841797,0]},{"i":{"x":0.2,"y":1},"o":{"x":0.8,"y":0},"n":"0p2_1_0p8_0","t":81.667,"s":[1018,235.884,0],"e":[1018,678.5,0],"to":[-194,333.116394042969,0],"ti":[0,0,0]},{"t":115}],"ix":2,"x":"var $bm_rt;\nif (time <= key(1).time)\n    $bm_rt = loopIn('cycle');\nelse\n    $bm_rt = loopOut('cycle');"},"a":{"a":0,"k":[500,175.5,0],"ix":1},"s":{"a":0,"k":[100,100,100],"ix":6}},"ao":0,"ef":[{"ty":5,"nm":"Echo","np":7,"mn":"ADBE Echo","ix":1,"en":1,"ef":[{"ty":0,"nm":"Echo Time (seconds)","mn":"ADBE Echo-0001","ix":1,"v":{"a":0,"k":-0.05,"ix":1}},{"ty":0,"nm":"Number Of Echoes","mn":"ADBE Echo-0002","ix":2,"v":{"a":0,"k":1,"ix":2}},{"ty":0,"nm":"Starting Intensity","mn":"ADBE Echo-0003","ix":3,"v":{"a":0,"k":1,"ix":3}},{"ty":0,"nm":"Decay","mn":"ADBE Echo-0004","ix":4,"v":{"a":0,"k":1,"ix":4}},{"ty":7,"nm":"Echo Operator","mn":"ADBE Echo-0005","ix":5,"v":{"a":0,"k":5,"ix":5}}]}],"shapes":[{"ty":"gr","it":[{"ind":0,"ty":"sh","ix":1,"ks":{"a":0,"k":{"i":[[0,0],[0,0],[0,0],[0,0]],"o":[[0,0],[0,0],[0,0],[0,0]],"v":[[492,114],[508,114],[508,237],[492,237]],"c":true},"ix":2},"nm":"Path 1","mn":"ADBE Vector Shape - Group","hd":false},{"ty":"fl","c":{"a":0,"k":[0.984313726425,0.721568644047,0.75686275959,1],"ix":4},"o":{"a":0,"k":100,"ix":5},"r":1,"nm":"Fill 1","mn":"ADBE Vector Graphic - Fill","hd":false},{"ty":"tr","p":{"a":0,"k":[0,0],"ix":2},"a":{"a":0,"k":[0,0],"ix":1},"s":{"a":0,"k":[100,100],"ix":3},"r":{"a":0,"k":0,"ix":6},"o":{"a":0,"k":100,"ix":7},"sk":{"a":0,"k":0,"ix":4},"sa":{"a":0,"k":0,"ix":5},"nm":"Transform"}],"nm":"Group 1","np":2,"cix":2,"ix":1,"mn":"ADBE Vector Group","hd":false}],"ip":0,"op":101,"st":0,"bm":0},{"ddd":0,"ind":2,"ty":4,"nm":"shape - 2","sr":1,"ks":{"o":{"a":0,"k":90,"ix":11},"r":{"a":0,"k":0,"ix":10},"p":{"a":1,"k":[{"i":{"x":0.2,"y":1},"o":{"x":0.8,"y":0},"n":"0p2_1_0p8_0","t":14.674,"s":[978,949.25,0],"e":[385,759.25,0],"to":[-472,198.75,0],"ti":[0,0,0]},{"i":{"x":0.2,"y":1},"o":{"x":0.8,"y":0},"n":"0p2_1_0p8_0","t":48.007,"s":[385,759.25,0],"e":[547.105,382.217,0],"to":[329,-59.25,0],"ti":[0,0,0]},{"i":{"x":0.2,"y":1},"o":{"x":0.8,"y":0},"n":"0p2_1_0p8_0","t":81.341,"s":[547.105,382.217,0],"e":[978,949.25,0],"to":[0,0,0],"ti":[198,-603.25,0]},{"t":114.673828125}],"ix":2,"x":"var $bm_rt;\nif (time <= key(1).time)\n    $bm_rt = loopIn('cycle');\nelse\n    $bm_rt = loopOut('cycle');"},"a":{"a":0,"k":[463,438,0],"ix":1},"s":{"a":0,"k":[100,100,100],"ix":6}},"ao":0,"ef":[{"ty":5,"nm":"Echo","np":7,"mn":"ADBE Echo","ix":1,"en":1,"ef":[{"ty":0,"nm":"Echo Time (seconds)","mn":"ADBE Echo-0001","ix":1,"v":{"a":0,"k":-0.05,"ix":1}},{"ty":0,"nm":"Number Of Echoes","mn":"ADBE Echo-0002","ix":2,"v":{"a":0,"k":1,"ix":2}},{"ty":0,"nm":"Starting Intensity","mn":"ADBE Echo-0003","ix":3,"v":{"a":0,"k":1,"ix":3}},{"ty":0,"nm":"Decay","mn":"ADBE Echo-0004","ix":4,"v":{"a":0,"k":1,"ix":4}},{"ty":7,"nm":"Echo Operator","mn":"ADBE Echo-0005","ix":5,"v":{"a":0,"k":5,"ix":5}}]}],"shapes":[{"ty":"gr","it":[{"ind":0,"ty":"sh","ix":1,"ks":{"a":0,"k":{"i":[[0,0],[0,0],[0,0],[0,0]],"o":[[0,0],[0,0],[0,0],[0,0]],"v":[[511,515],[415,515],[415,361],[511,361]],"c":true},"ix":2},"nm":"Path 1","mn":"ADBE Vector Shape - Group","hd":false},{"ty":"fl","c":{"a":0,"k":[0.941176474094,0.486274510622,0.521568655968,1],"ix":4},"o":{"a":0,"k":100,"ix":5},"r":1,"nm":"Fill 1","mn":"ADBE Vector Graphic - Fill","hd":false},{"ty":"tr","p":{"a":0,"k":[0,0],"ix":2},"a":{"a":0,"k":[0,0],"ix":1},"s":{"a":0,"k":[100,100],"ix":3},"r":{"a":0,"k":0,"ix":6},"o":{"a":0,"k":100,"ix":7},"sk":{"a":0,"k":0,"ix":4},"sa":{"a":0,"k":0,"ix":5},"nm":"Transform"}],"nm":"Group 1","np":2,"cix":2,"ix":1,"mn":"ADBE Vector Group","hd":false}],"ip":0,"op":101,"st":0,"bm":0},{"ddd":0,"ind":3,"ty":4,"nm":"shape - 3","sr":1,"ks":{"o":{"a":0,"k":90,"ix":11},"r":{"a":0,"k":0,"ix":10},"p":{"a":1,"k":[{"i":{"x":0.2,"y":1},"o":{"x":0.8,"y":0},"n":"0p2_1_0p8_0","t":14.348,"s":[875.5,684.5,0],"e":[750.5,699.5,0],"to":[-25.5,155.5,0],"ti":[22.5,41.5,0]},{"i":{"x":0.2,"y":1},"o":{"x":0.8,"y":0},"n":"0p2_1_0p8_0","t":47.681,"s":[750.5,699.5,0],"e":[184.26,590.395,0],"to":[-308.5,340.5,0],"ti":[0,0,0]},{"i":{"x":0.2,"y":1},"o":{"x":0.8,"y":0},"n":"0p2_1_0p8_0","t":81.015,"s":[184.26,590.395,0],"e":[875.5,684.5,0],"to":[243.740417480469,443.604858398438,0],"ti":[-129.5,237.5,0]},{"t":114.34765625}],"ix":2,"x":"var $bm_rt;\nif (time <= key(1).time)\n    $bm_rt = loopIn('cycle');\nelse\n    $bm_rt = loopOut('cycle');"},"a":{"a":0,"k":[371.5,155.5,0],"ix":1},"s":{"a":0,"k":[100,100,100],"ix":6}},"ao":0,"ef":[{"ty":5,"nm":"Echo","np":7,"mn":"ADBE Echo","ix":1,"en":1,"ef":[{"ty":0,"nm":"Echo Time (seconds)","mn":"ADBE Echo-0001","ix":1,"v":{"a":0,"k":-0.05,"ix":1}},{"ty":0,"nm":"Number Of Echoes","mn":"ADBE Echo-0002","ix":2,"v":{"a":0,"k":1,"ix":2}},{"ty":0,"nm":"Starting Intensity","mn":"ADBE Echo-0003","ix":3,"v":{"a":0,"k":1,"ix":3}},{"ty":0,"nm":"Decay","mn":"ADBE Echo-0004","ix":4,"v":{"a":0,"k":1,"ix":4}},{"ty":7,"nm":"Echo Operator","mn":"ADBE Echo-0005","ix":5,"v":{"a":0,"k":5,"ix":5}}]}],"shapes":[{"ty":"gr","it":[{"ind":0,"ty":"sh","ix":1,"ks":{"a":0,"k":{"i":[[0,0],[0,0],[0,0],[0,0]],"o":[[0,0],[0,0],[0,0],[0,0]],"v":[[386,186],[357,186],[357,125],[386,125]],"c":true},"ix":2},"nm":"Path 1","mn":"ADBE Vector Shape - Group","hd":false},{"ty":"fl","c":{"a":0,"k":[0.196078434587,0.57647061348,0.741176486015,1],"ix":4},"o":{"a":0,"k":100,"ix":5},"r":1,"nm":"Fill 1","mn":"ADBE Vector Graphic - Fill","hd":false},{"ty":"tr","p":{"a":0,"k":[0,0],"ix":2},"a":{"a":0,"k":[0,0],"ix":1},"s":{"a":0,"k":[100,100],"ix":3},"r":{"a":0,"k":0,"ix":6},"o":{"a":0,"k":100,"ix":7},"sk":{"a":0,"k":0,"ix":4},"sa":{"a":0,"k":0,"ix":5},"nm":"Transform"}],"nm":"Group 1","np":2,"cix":2,"ix":1,"mn":"ADBE Vector Group","hd":false}],"ip":0,"op":101,"st":0,"bm":0},{"ddd":0,"ind":4,"ty":4,"nm":"shape - 4","sr":1,"ks":{"o":{"a":0,"k":90,"ix":11},"r":{"a":0,"k":0,"ix":10},"p":{"a":1,"k":[{"i":{"x":0.2,"y":1},"o":{"x":0.8,"y":0},"n":"0p2_1_0p8_0","t":14.021,"s":[535,612.5,0],"e":[990,916.5,0],"to":[515,-216.5,0],"ti":[0,0,0]},{"i":{"x":0.2,"y":1},"o":{"x":0.8,"y":0},"n":"0p2_1_0p8_0","t":47.354,"s":[990,916.5,0],"e":[688.926,808.875,0],"to":[-302,231.5,0],"ti":[40.9258422851563,18.8753051757813,0]},{"i":{"x":0.2,"y":1},"o":{"x":0.8,"y":0},"n":"0p2_1_0p8_0","t":80.688,"s":[688.926,808.875,0],"e":[535,612.5,0],"to":[-406.925842285156,133.124694824219,0],"ti":[0,0,0]},{"t":114.021484375}],"ix":2,"x":"var $bm_rt;\nif (time <= key(1).time)\n    $bm_rt = loopIn('cycle');\nelse\n    $bm_rt = loopOut('cycle');"},"a":{"a":0,"k":[-5,72.5,0],"ix":1},"s":{"a":0,"k":[100,100,100],"ix":6}},"ao":0,"ef":[{"ty":5,"nm":"Echo","np":7,"mn":"ADBE Echo","ix":1,"en":1,"ef":[{"ty":0,"nm":"Echo Time (seconds)","mn":"ADBE Echo-0001","ix":1,"v":{"a":0,"k":-0.05,"ix":1}},{"ty":0,"nm":"Number Of Echoes","mn":"ADBE Echo-0002","ix":2,"v":{"a":0,"k":1,"ix":2}},{"ty":0,"nm":"Starting Intensity","mn":"ADBE Echo-0003","ix":3,"v":{"a":0,"k":1,"ix":3}},{"ty":0,"nm":"Decay","mn":"ADBE Echo-0004","ix":4,"v":{"a":0,"k":1,"ix":4}},{"ty":7,"nm":"Echo Operator","mn":"ADBE Echo-0005","ix":5,"v":{"a":0,"k":5,"ix":5}}]}],"shapes":[{"ty":"gr","it":[{"ind":0,"ty":"sh","ix":1,"ks":{"a":0,"k":{"i":[[0,0],[0,0],[0,0],[0,0]],"o":[[0,0],[0,0],[0,0],[0,0]],"v":[[7,91],[-17,91],[-17,54],[7,54]],"c":true},"ix":2},"nm":"Path 1","mn":"ADBE Vector Shape - Group","hd":false},{"ty":"fl","c":{"a":0,"k":[0.196078434587,0.57647061348,0.741176486015,1],"ix":4},"o":{"a":0,"k":100,"ix":5},"r":1,"nm":"Fill 1","mn":"ADBE Vector Graphic - Fill","hd":false},{"ty":"tr","p":{"a":0,"k":[0,0],"ix":2},"a":{"a":0,"k":[0,0],"ix":1},"s":{"a":0,"k":[100,100],"ix":3},"r":{"a":0,"k":0,"ix":6},"o":{"a":0,"k":100,"ix":7},"sk":{"a":0,"k":0,"ix":4},"sa":{"a":0,"k":0,"ix":5},"nm":"Transform"}],"nm":"Group 1","np":2,"cix":2,"ix":1,"mn":"ADBE Vector Group","hd":false}],"ip":0,"op":101,"st":0,"bm":0},{"ddd":0,"ind":5,"ty":4,"nm":"shape - 5","sr":1,"ks":{"o":{"a":0,"k":90,"ix":11},"r":{"a":0,"k":0,"ix":10},"p":{"a":1,"k":[{"i":{"x":0.2,"y":1},"o":{"x":0.8,"y":0},"n":"0p2_1_0p8_0","t":13.695,"s":[263,724.5,0],"e":[1019,949.75,0],"to":[515,-358.5,0],"ti":[0,0,0]},{"i":{"x":0.2,"y":1},"o":{"x":0.8,"y":0},"n":"0p2_1_0p8_0","t":47.028,"s":[1019,949.75,0],"e":[479,130.25,0],"to":[205,-705.75,0],"ti":[0,0,0]},{"i":{"x":0.2,"y":1},"o":{"x":0.8,"y":0},"n":"0p2_1_0p8_0","t":80.362,"s":[479,130.25,0],"e":[263,724.5,0],"to":[325,407.75,0],"ti":[0,0,0]},{"t":113.6953125}],"ix":2,"x":"var $bm_rt;\nif (time <= key(1).time)\n    $bm_rt = loopIn('cycle');\nelse\n    $bm_rt = loopOut('cycle');"},"a":{"a":0,"k":[-294,280.5,0],"ix":1},"s":{"a":0,"k":[100,100,100],"ix":6}},"ao":0,"ef":[{"ty":5,"nm":"Echo","np":7,"mn":"ADBE Echo","ix":1,"en":1,"ef":[{"ty":0,"nm":"Echo Time (seconds)","mn":"ADBE Echo-0001","ix":1,"v":{"a":0,"k":-0.05,"ix":1}},{"ty":0,"nm":"Number Of Echoes","mn":"ADBE Echo-0002","ix":2,"v":{"a":0,"k":1,"ix":2}},{"ty":0,"nm":"Starting Intensity","mn":"ADBE Echo-0003","ix":3,"v":{"a":0,"k":1,"ix":3}},{"ty":0,"nm":"Decay","mn":"ADBE Echo-0004","ix":4,"v":{"a":0,"k":1,"ix":4}},{"ty":7,"nm":"Echo Operator","mn":"ADBE Echo-0005","ix":5,"v":{"a":0,"k":5,"ix":5}}]}],"shapes":[{"ty":"gr","it":[{"ind":0,"ty":"sh","ix":1,"ks":{"a":0,"k":{"i":[[0,0],[0,0],[0,0],[0,0]],"o":[[0,0],[0,0],[0,0],[0,0]],"v":[[-301,357],[-287,357],[-287,204],[-301,204]],"c":true},"ix":2},"nm":"Path 1","mn":"ADBE Vector Shape - Group","hd":false},{"ty":"fl","c":{"a":0,"k":[0.980392158031,0.792156875134,0.003921568859,1],"ix":4},"o":{"a":0,"k":100,"ix":5},"r":1,"nm":"Fill 1","mn":"ADBE Vector Graphic - Fill","hd":false},{"ty":"tr","p":{"a":0,"k":[0,0],"ix":2},"a":{"a":0,"k":[0,0],"ix":1},"s":{"a":0,"k":[100,100],"ix":3},"r":{"a":0,"k":0,"ix":6},"o":{"a":0,"k":100,"ix":7},"sk":{"a":0,"k":0,"ix":4},"sa":{"a":0,"k":0,"ix":5},"nm":"Transform"}],"nm":"Group 1","np":2,"cix":2,"ix":1,"mn":"ADBE Vector Group","hd":false}],"ip":0,"op":101,"st":0,"bm":0},{"ddd":0,"ind":6,"ty":4,"nm":"shape - 6","sr":1,"ks":{"o":{"a":0,"k":90,"ix":11},"r":{"a":0,"k":0,"ix":10},"p":{"a":1,"k":[{"i":{"x":0.2,"y":1},"o":{"x":0.8,"y":0},"n":"0p2_1_0p8_0","t":13.369,"s":[64.5,522,0],"e":[1015.5,524,0],"to":[487.5,-414,0],"ti":[0,0,0]},{"i":{"x":0.2,"y":1},"o":{"x":0.8,"y":0},"n":"0p2_1_0p8_0","t":46.702,"s":[1015.5,524,0],"e":[475.5,639.483,0],"to":[-295.5,-126,0],"ti":[0,0,0]},{"i":{"x":0.2,"y":1},"o":{"x":0.8,"y":0},"n":"0p2_1_0p8_0","t":80.036,"s":[475.5,639.483,0],"e":[64.5,522,0],"to":[78.5000152587891,-275.482727050781,0],"ti":[0,0,0]},{"t":113.369140625}],"ix":2,"x":"var $bm_rt;\nif (time <= key(1).time)\n    $bm_rt = loopIn('cycle');\nelse\n    $bm_rt = loopOut('cycle');"},"a":{"a":0,"k":[-507.5,-40,0],"ix":1},"s":{"a":0,"k":[100,100,100],"ix":6}},"ao":0,"ef":[{"ty":5,"nm":"Echo","np":7,"mn":"ADBE Echo","ix":1,"en":1,"ef":[{"ty":0,"nm":"Echo Time (seconds)","mn":"ADBE Echo-0001","ix":1,"v":{"a":0,"k":-0.05,"ix":1}},{"ty":0,"nm":"Number Of Echoes","mn":"ADBE Echo-0002","ix":2,"v":{"a":0,"k":1,"ix":2}},{"ty":0,"nm":"Starting Intensity","mn":"ADBE Echo-0003","ix":3,"v":{"a":0,"k":1,"ix":3}},{"ty":0,"nm":"Decay","mn":"ADBE Echo-0004","ix":4,"v":{"a":0,"k":1,"ix":4}},{"ty":7,"nm":"Echo Operator","mn":"ADBE Echo-0005","ix":5,"v":{"a":0,"k":5,"ix":5}}]}],"shapes":[{"ty":"gr","it":[{"ind":0,"ty":"sh","ix":1,"ks":{"a":0,"k":{"i":[[0,0],[0,0],[0,0],[0,0]],"o":[[0,0],[0,0],[0,0],[0,0]],"v":[[-518,286],[-497,286],[-497,-366],[-518,-366]],"c":true},"ix":2},"nm":"Path 1","mn":"ADBE Vector Shape - Group","hd":false},{"ty":"fl","c":{"a":0,"k":[0.941176474094,0.929411768913,0.823529422283,1],"ix":4},"o":{"a":0,"k":100,"ix":5},"r":1,"nm":"Fill 1","mn":"ADBE Vector Graphic - Fill","hd":false},{"ty":"tr","p":{"a":0,"k":[0,0],"ix":2},"a":{"a":0,"k":[0,0],"ix":1},"s":{"a":0,"k":[100,100],"ix":3},"r":{"a":0,"k":0,"ix":6},"o":{"a":0,"k":100,"ix":7},"sk":{"a":0,"k":0,"ix":4},"sa":{"a":0,"k":0,"ix":5},"nm":"Transform"}],"nm":"Group 1","np":2,"cix":2,"ix":1,"mn":"ADBE Vector Group","hd":false}],"ip":0,"op":101,"st":0,"bm":0},{"ddd":0,"ind":7,"ty":4,"nm":"shape - 7","sr":1,"ks":{"o":{"a":0,"k":90,"ix":11},"r":{"a":0,"k":0,"ix":10},"p":{"a":1,"k":[{"i":{"x":0.2,"y":1},"o":{"x":0.8,"y":0},"n":"0p2_1_0p8_0","t":13.044,"s":[145,986.25,0],"e":[906,986.25,0],"to":[399,-478.25,0],"ti":[0,0,0]},{"i":{"x":0.2,"y":1},"o":{"x":0.8,"y":0},"n":"0p2_1_0p8_0","t":46.377,"s":[906,986.25,0],"e":[364.619,93.75,0],"to":[-542,-118.25,0],"ti":[0,0,0]},{"i":{"x":0.2,"y":1},"o":{"x":0.8,"y":0},"n":"0p2_1_0p8_0","t":79.711,"s":[364.619,93.75,0],"e":[145,986.25,0],"to":[497.381072998047,480.25,0],"ti":[0,0,0]},{"t":113.0439453125}],"ix":2,"x":"var $bm_rt;\nif (time <= key(1).time)\n    $bm_rt = loopIn('cycle');\nelse\n    $bm_rt = loopOut('cycle');"},"a":{"a":0,"k":[-428,473,0],"ix":1},"s":{"a":0,"k":[100,100,100],"ix":6}},"ao":0,"ef":[{"ty":5,"nm":"Echo","np":7,"mn":"ADBE Echo","ix":1,"en":1,"ef":[{"ty":0,"nm":"Echo Time (seconds)","mn":"ADBE Echo-0001","ix":1,"v":{"a":0,"k":-0.05,"ix":1}},{"ty":0,"nm":"Number Of Echoes","mn":"ADBE Echo-0002","ix":2,"v":{"a":0,"k":1,"ix":2}},{"ty":0,"nm":"Starting Intensity","mn":"ADBE Echo-0003","ix":3,"v":{"a":0,"k":1,"ix":3}},{"ty":0,"nm":"Decay","mn":"ADBE Echo-0004","ix":4,"v":{"a":0,"k":1,"ix":4}},{"ty":7,"nm":"Echo Operator","mn":"ADBE Echo-0005","ix":5,"v":{"a":0,"k":5,"ix":5}}]}],"shapes":[{"ty":"gr","it":[{"ind":0,"ty":"sh","ix":1,"ks":{"a":0,"k":{"i":[[0,0],[0,0],[0,0],[0,0]],"o":[[0,0],[0,0],[0,0],[0,0]],"v":[[-519,513],[-337,513],[-337,433],[-519,433]],"c":true},"ix":2},"nm":"Path 1","mn":"ADBE Vector Shape - Group","hd":false},{"ty":"fl","c":{"a":0,"k":[0.741176486015,0.68235296011,0.803921580315,1],"ix":4},"o":{"a":0,"k":100,"ix":5},"r":1,"nm":"Fill 1","mn":"ADBE Vector Graphic - Fill","hd":false},{"ty":"tr","p":{"a":0,"k":[0,0],"ix":2},"a":{"a":0,"k":[0,0],"ix":1},"s":{"a":0,"k":[100,100],"ix":3},"r":{"a":0,"k":0,"ix":6},"o":{"a":0,"k":100,"ix":7},"sk":{"a":0,"k":0,"ix":4},"sa":{"a":0,"k":0,"ix":5},"nm":"Transform"}],"nm":"Group 1","np":2,"cix":2,"ix":1,"mn":"ADBE Vector Group","hd":false}],"ip":0,"op":101,"st":0,"bm":0},{"ddd":0,"ind":8,"ty":4,"nm":"shape - 8","sr":1,"ks":{"o":{"a":0,"k":90,"ix":11},"r":{"a":0,"k":0,"ix":10},"p":{"a":1,"k":[{"i":{"x":0.2,"y":1},"o":{"x":0.8,"y":0},"n":"0p2_1_0p8_0","t":12.718,"s":[1008.36,451,0],"e":[353.36,507,0],"to":[-420.359985351563,-339,0],"ti":[0,0,0]},{"i":{"x":0.2,"y":1},"o":{"x":0.8,"y":0},"n":"0p2_1_0p8_0","t":46.051,"s":[353.36,507,0],"e":[521.851,610.33,0],"to":[262.640014648438,-123,0],"ti":[0,0,0]},{"i":{"x":0.2,"y":1},"o":{"x":0.8,"y":0},"n":"0p2_1_0p8_0","t":79.385,"s":[521.851,610.33,0],"e":[1008.36,451,0],"to":[416.148956298828,383.670227050781,0],"ti":[0,0,0]},{"t":112.7177734375}],"ix":2,"x":"var $bm_rt;\nif (time <= key(1).time)\n    $bm_rt = loopIn('cycle');\nelse\n    $bm_rt = loopOut('cycle');"},"a":{"a":0,"k":[490,-70,0],"ix":1},"s":{"a":0,"k":[98,80,100],"ix":6}},"ao":0,"ef":[{"ty":5,"nm":"Echo","np":7,"mn":"ADBE Echo","ix":1,"en":1,"ef":[{"ty":0,"nm":"Echo Time (seconds)","mn":"ADBE Echo-0001","ix":1,"v":{"a":0,"k":-0.05,"ix":1}},{"ty":0,"nm":"Number Of Echoes","mn":"ADBE Echo-0002","ix":2,"v":{"a":0,"k":1,"ix":2}},{"ty":0,"nm":"Starting Intensity","mn":"ADBE Echo-0003","ix":3,"v":{"a":0,"k":1,"ix":3}},{"ty":0,"nm":"Decay","mn":"ADBE Echo-0004","ix":4,"v":{"a":0,"k":1,"ix":4}},{"ty":7,"nm":"Echo Operator","mn":"ADBE Echo-0005","ix":5,"v":{"a":0,"k":5,"ix":5}}]}],"shapes":[{"ty":"gr","it":[{"ind":0,"ty":"sh","ix":1,"ks":{"a":0,"k":{"i":[[0,0],[0,0],[0,0],[0,0]],"o":[[0,0],[0,0],[0,0],[0,0]],"v":[[508,96],[472,96],[472,-236],[508,-236]],"c":true},"ix":2},"nm":"Path 1","mn":"ADBE Vector Shape - Group","hd":false},{"ty":"fl","c":{"a":0,"k":[0.196078434587,0.57647061348,0.741176486015,1],"ix":4},"o":{"a":0,"k":100,"ix":5},"r":1,"nm":"Fill 1","mn":"ADBE Vector Graphic - Fill","hd":false},{"ty":"tr","p":{"a":0,"k":[0,0],"ix":2},"a":{"a":0,"k":[0,0],"ix":1},"s":{"a":0,"k":[100,100],"ix":3},"r":{"a":0,"k":0,"ix":6},"o":{"a":0,"k":100,"ix":7},"sk":{"a":0,"k":0,"ix":4},"sa":{"a":0,"k":0,"ix":5},"nm":"Transform"}],"nm":"Group 1","np":2,"cix":2,"ix":1,"mn":"ADBE Vector Group","hd":false}],"ip":0,"op":101,"st":0,"bm":0},{"ddd":0,"ind":9,"ty":4,"nm":"shape - 9","sr":1,"ks":{"o":{"a":0,"k":90,"ix":11},"r":{"a":0,"k":0,"ix":10},"p":{"a":1,"k":[{"i":{"x":0.2,"y":1},"o":{"x":0.8,"y":0},"n":"0p2_1_0p8_0","t":12.392,"s":[907.5,330,0],"e":[460.5,655.25,0],"to":[208.5,652,0],"ti":[0,0,0]},{"i":{"x":0.2,"y":1},"o":{"x":0.8,"y":0},"n":"0p2_1_0p8_0","t":45.725,"s":[460.5,655.25,0],"e":[67.5,891.414,0],"to":[67.5,476.75,0],"ti":[0,0,0]},{"i":{"x":0.2,"y":1},"o":{"x":0.8,"y":0},"n":"0p2_1_0p8_0","t":79.059,"s":[67.5,891.414,0],"e":[907.5,330,0],"to":[-39.5000152587891,-1031.41369628906,0],"ti":[0,0,0]},{"t":112.3916015625}],"ix":2,"x":"var $bm_rt;\nif (time <= key(1).time)\n    $bm_rt = loopIn('cycle');\nelse\n    $bm_rt = loopOut('cycle');"},"a":{"a":0,"k":[369.5,-208,0],"ix":1},"s":{"a":0,"k":[100,100,100],"ix":6}},"ao":0,"ef":[{"ty":5,"nm":"Echo","np":7,"mn":"ADBE Echo","ix":1,"en":1,"ef":[{"ty":0,"nm":"Echo Time (seconds)","mn":"ADBE Echo-0001","ix":1,"v":{"a":0,"k":-0.05,"ix":1}},{"ty":0,"nm":"Number Of Echoes","mn":"ADBE Echo-0002","ix":2,"v":{"a":0,"k":1,"ix":2}},{"ty":0,"nm":"Starting Intensity","mn":"ADBE Echo-0003","ix":3,"v":{"a":0,"k":1,"ix":3}},{"ty":0,"nm":"Decay","mn":"ADBE Echo-0004","ix":4,"v":{"a":0,"k":1,"ix":4}},{"ty":7,"nm":"Echo Operator","mn":"ADBE Echo-0005","ix":5,"v":{"a":0,"k":5,"ix":5}}]}],"shapes":[{"ty":"gr","it":[{"ind":0,"ty":"sh","ix":1,"ks":{"a":0,"k":{"i":[[0,0],[0,0],[0,0],[0,0]],"o":[[0,0],[0,0],[0,0],[0,0]],"v":[[383,-188],[356,-188],[356,-228],[383,-228]],"c":true},"ix":2},"nm":"Path 1","mn":"ADBE Vector Shape - Group","hd":false},{"ty":"fl","c":{"a":0,"k":[0.964705884457,0.298039227724,0.266666680574,1],"ix":4},"o":{"a":0,"k":100,"ix":5},"r":1,"nm":"Fill 1","mn":"ADBE Vector Graphic - Fill","hd":false},{"ty":"tr","p":{"a":0,"k":[0,0],"ix":2},"a":{"a":0,"k":[0,0],"ix":1},"s":{"a":0,"k":[100,100],"ix":3},"r":{"a":0,"k":0,"ix":6},"o":{"a":0,"k":100,"ix":7},"sk":{"a":0,"k":0,"ix":4},"sa":{"a":0,"k":0,"ix":5},"nm":"Transform"}],"nm":"Group 1","np":2,"cix":2,"ix":1,"mn":"ADBE Vector Group","hd":false}],"ip":0,"op":101,"st":0,"bm":0},{"ddd":0,"ind":10,"ty":4,"nm":"shape - 10","sr":1,"ks":{"o":{"a":0,"k":90,"ix":11},"r":{"a":0,"k":0,"ix":10},"p":{"a":1,"k":[{"i":{"x":0.2,"y":1},"o":{"x":0.8,"y":0},"n":"0p2_1_0p8_0","t":12.065,"s":[777,202,0],"e":[96,147.75,0],"to":[-369,644,0],"ti":[0,0,0]},{"i":{"x":0.2,"y":1},"o":{"x":0.8,"y":0},"n":"0p2_1_0p8_0","t":45.398,"s":[96,147.75,0],"e":[301.78,437.825,0],"to":[368,-41.75,0],"ti":[0,0,0]},{"i":{"x":0.2,"y":1},"o":{"x":0.8,"y":0},"n":"0p2_1_0p8_0","t":78.732,"s":[301.78,437.825,0],"e":[777,202,0],"to":[0,0,0],"ti":[-429,-182,0]},{"t":112.0654296875}],"ix":2,"x":"var $bm_rt;\nif (time <= key(1).time)\n    $bm_rt = loopIn('cycle');\nelse\n    $bm_rt = loopOut('cycle');"},"a":{"a":0,"k":[249,-352,0],"ix":1},"s":{"a":0,"k":[100,100,100],"ix":6}},"ao":0,"ef":[{"ty":5,"nm":"Echo","np":7,"mn":"ADBE Echo","ix":1,"en":1,"ef":[{"ty":0,"nm":"Echo Time (seconds)","mn":"ADBE Echo-0001","ix":1,"v":{"a":0,"k":-0.05,"ix":1}},{"ty":0,"nm":"Number Of Echoes","mn":"ADBE Echo-0002","ix":2,"v":{"a":0,"k":1,"ix":2}},{"ty":0,"nm":"Starting Intensity","mn":"ADBE Echo-0003","ix":3,"v":{"a":0,"k":1,"ix":3}},{"ty":0,"nm":"Decay","mn":"ADBE Echo-0004","ix":4,"v":{"a":0,"k":1,"ix":4}},{"ty":7,"nm":"Echo Operator","mn":"ADBE Echo-0005","ix":5,"v":{"a":0,"k":5,"ix":5}}]}],"shapes":[{"ty":"gr","it":[{"ind":0,"ty":"sh","ix":1,"ks":{"a":0,"k":{"i":[[0,0],[0,0],[0,0],[0,0]],"o":[[0,0],[0,0],[0,0],[0,0]],"v":[[291,-258],[207,-258],[207,-446],[291,-446]],"c":true},"ix":2},"nm":"Path 1","mn":"ADBE Vector Shape - Group","hd":false},{"ty":"fl","c":{"a":0,"k":[0.941176474094,0.929411768913,0.823529422283,1],"ix":4},"o":{"a":0,"k":100,"ix":5},"r":1,"nm":"Fill 1","mn":"ADBE Vector Graphic - Fill","hd":false},{"ty":"tr","p":{"a":0,"k":[0,0],"ix":2},"a":{"a":0,"k":[0,0],"ix":1},"s":{"a":0,"k":[100,100],"ix":3},"r":{"a":0,"k":0,"ix":6},"o":{"a":0,"k":100,"ix":7},"sk":{"a":0,"k":0,"ix":4},"sa":{"a":0,"k":0,"ix":5},"nm":"Transform"}],"nm":"Group 1","np":2,"cix":2,"ix":1,"mn":"ADBE Vector Group","hd":false}],"ip":0,"op":101,"st":0,"bm":0},{"ddd":0,"ind":11,"ty":4,"nm":"shape - 11","sr":1,"ks":{"o":{"a":0,"k":90,"ix":11},"r":{"a":0,"k":0,"ix":10},"p":{"a":1,"k":[{"i":{"x":0.2,"y":1},"o":{"x":0.8,"y":0},"n":"0p2_1_0p8_0","t":11.739,"s":[766,531,0],"e":[87,989.25,0],"to":[90,569,0],"ti":[0,0,0]},{"i":{"x":0.2,"y":1},"o":{"x":0.8,"y":0},"n":"0p2_1_0p8_0","t":45.072,"s":[87,989.25,0],"e":[349.166,265.567,0],"to":[615,-81.25,0],"ti":[0,0,0]},{"i":{"x":0.2,"y":1},"o":{"x":0.8,"y":0},"n":"0p2_1_0p8_0","t":78.406,"s":[349.166,265.567,0],"e":[766,531,0],"to":[38.8337554931641,566.432861328125,0],"ti":[0,0,0]},{"t":111.7392578125}],"ix":2,"x":"var $bm_rt;\nif (time <= key(1).time)\n    $bm_rt = loopIn('cycle');\nelse\n    $bm_rt = loopOut('cycle');"},"a":{"a":0,"k":[226,-9,0],"ix":1},"s":{"a":0,"k":[100,100,100],"ix":6}},"ao":0,"ef":[{"ty":5,"nm":"Echo","np":7,"mn":"ADBE Echo","ix":1,"en":1,"ef":[{"ty":0,"nm":"Echo Time (seconds)","mn":"ADBE Echo-0001","ix":1,"v":{"a":0,"k":-0.05,"ix":1}},{"ty":0,"nm":"Number Of Echoes","mn":"ADBE Echo-0002","ix":2,"v":{"a":0,"k":1,"ix":2}},{"ty":0,"nm":"Starting Intensity","mn":"ADBE Echo-0003","ix":3,"v":{"a":0,"k":1,"ix":3}},{"ty":0,"nm":"Decay","mn":"ADBE Echo-0004","ix":4,"v":{"a":0,"k":1,"ix":4}},{"ty":7,"nm":"Echo Operator","mn":"ADBE Echo-0005","ix":5,"v":{"a":0,"k":5,"ix":5}}]}],"shapes":[{"ty":"gr","it":[{"ind":0,"ty":"sh","ix":1,"ks":{"a":0,"k":{"i":[[0,0],[0,0],[0,0],[0,0]],"o":[[0,0],[0,0],[0,0],[0,0]],"v":[[259,28],[193,28],[193,-46],[259,-46]],"c":true},"ix":2},"nm":"Path 1","mn":"ADBE Vector Shape - Group","hd":false},{"ty":"fl","c":{"a":0,"k":[0.470588237047,0.35686275363,0.654901981354,1],"ix":4},"o":{"a":0,"k":100,"ix":5},"r":1,"nm":"Fill 1","mn":"ADBE Vector Graphic - Fill","hd":false},{"ty":"tr","p":{"a":0,"k":[0,0],"ix":2},"a":{"a":0,"k":[0,0],"ix":1},"s":{"a":0,"k":[100,100],"ix":3},"r":{"a":0,"k":0,"ix":6},"o":{"a":0,"k":100,"ix":7},"sk":{"a":0,"k":0,"ix":4},"sa":{"a":0,"k":0,"ix":5},"nm":"Transform"}],"nm":"Group 1","np":2,"cix":2,"ix":1,"mn":"ADBE Vector Group","hd":false}],"ip":0,"op":101,"st":0,"bm":0},{"ddd":0,"ind":12,"ty":4,"nm":"shape - 12","sr":1,"ks":{"o":{"a":0,"k":90,"ix":11},"r":{"a":0,"k":0,"ix":10},"p":{"a":1,"k":[{"i":{"x":0.2,"y":1},"o":{"x":0.8,"y":0},"n":"0p2_1_0p8_0","t":11.413,"s":[350,90.61,0],"e":[209,138.61,0],"to":[44,175.389999389648,0],"ti":[0,0,0]},{"i":{"x":0.2,"y":1},"o":{"x":0.8,"y":0},"n":"0p2_1_0p8_0","t":44.746,"s":[209,138.61,0],"e":[1015,989.39,0],"to":[-303,961.390014648438,0],"ti":[0,0,0]},{"i":{"x":0.2,"y":1},"o":{"x":0.8,"y":0},"n":"0p2_1_0p8_0","t":78.08,"s":[1015,989.39,0],"e":[350,90.61,0],"to":[91,-893.390014648438,0],"ti":[0,0,0]},{"t":111.4130859375}],"ix":2,"x":"var $bm_rt;\nif (time <= key(1).time)\n    $bm_rt = loopIn('cycle');\nelse\n    $bm_rt = loopOut('cycle');"},"a":{"a":0,"k":[-193,-464.5,0],"ix":1},"s":{"a":0,"k":[100,76,100],"ix":6}},"ao":0,"ef":[{"ty":5,"nm":"Echo","np":7,"mn":"ADBE Echo","ix":1,"en":1,"ef":[{"ty":0,"nm":"Echo Time (seconds)","mn":"ADBE Echo-0001","ix":1,"v":{"a":0,"k":-0.05,"ix":1}},{"ty":0,"nm":"Number Of Echoes","mn":"ADBE Echo-0002","ix":2,"v":{"a":0,"k":1,"ix":2}},{"ty":0,"nm":"Starting Intensity","mn":"ADBE Echo-0003","ix":3,"v":{"a":0,"k":1,"ix":3}},{"ty":0,"nm":"Decay","mn":"ADBE Echo-0004","ix":4,"v":{"a":0,"k":1,"ix":4}},{"ty":7,"nm":"Echo Operator","mn":"ADBE Echo-0005","ix":5,"v":{"a":0,"k":5,"ix":5}}]}],"shapes":[{"ty":"gr","it":[{"ind":0,"ty":"sh","ix":1,"ks":{"a":0,"k":{"i":[[0,0],[0,0],[0,0],[0,0]],"o":[[0,0],[0,0],[0,0],[0,0]],"v":[[-182,-416],[-204,-416],[-204,-513],[-182,-513]],"c":true},"ix":2},"nm":"Path 1","mn":"ADBE Vector Shape - Group","hd":false},{"ty":"fl","c":{"a":0,"k":[0.980392158031,0.792156875134,0.003921568859,1],"ix":4},"o":{"a":0,"k":100,"ix":5},"r":1,"nm":"Fill 1","mn":"ADBE Vector Graphic - Fill","hd":false},{"ty":"tr","p":{"a":0,"k":[0,0],"ix":2},"a":{"a":0,"k":[0,0],"ix":1},"s":{"a":0,"k":[100,100],"ix":3},"r":{"a":0,"k":0,"ix":6},"o":{"a":0,"k":100,"ix":7},"sk":{"a":0,"k":0,"ix":4},"sa":{"a":0,"k":0,"ix":5},"nm":"Transform"}],"nm":"Group 1","np":2,"cix":2,"ix":1,"mn":"ADBE Vector Group","hd":false}],"ip":0,"op":101,"st":0,"bm":0},{"ddd":0,"ind":13,"ty":4,"nm":"shape - 13","sr":1,"ks":{"o":{"a":0,"k":90,"ix":11},"r":{"a":0,"k":0,"ix":10},"p":{"a":1,"k":[{"i":{"x":0.2,"y":1},"o":{"x":0.8,"y":0},"n":"0p2_1_0p8_0","t":11.087,"s":[215.5,103.75,0],"e":[375.5,304.75,0],"to":[342.5,-47.75,0],"ti":[0,0,0]},{"i":{"x":0.2,"y":1},"o":{"x":0.8,"y":0},"n":"0p2_1_0p8_0","t":44.42,"s":[375.5,304.75,0],"e":[364.451,976.25,0],"to":[664.5,341.25,0],"ti":[0,0,0]},{"i":{"x":0.2,"y":1},"o":{"x":0.8,"y":0},"n":"0p2_1_0p8_0","t":77.754,"s":[364.451,976.25,0],"e":[215.5,103.75,0],"to":[-514.451416015625,-436.25,0],"ti":[0,0,0]},{"t":111.0869140625}],"ix":2,"x":"var $bm_rt;\nif (time <= key(1).time)\n    $bm_rt = loopIn('cycle');\nelse\n    $bm_rt = loopOut('cycle');"},"a":{"a":0,"k":[-338.5,-468,0],"ix":1},"s":{"a":0,"k":[100,100,100],"ix":6}},"ao":0,"ef":[{"ty":5,"nm":"Echo","np":7,"mn":"ADBE Echo","ix":1,"en":1,"ef":[{"ty":0,"nm":"Echo Time (seconds)","mn":"ADBE Echo-0001","ix":1,"v":{"a":0,"k":-0.05,"ix":1}},{"ty":0,"nm":"Number Of Echoes","mn":"ADBE Echo-0002","ix":2,"v":{"a":0,"k":1,"ix":2}},{"ty":0,"nm":"Starting Intensity","mn":"ADBE Echo-0003","ix":3,"v":{"a":0,"k":1,"ix":3}},{"ty":0,"nm":"Decay","mn":"ADBE Echo-0004","ix":4,"v":{"a":0,"k":1,"ix":4}},{"ty":7,"nm":"Echo Operator","mn":"ADBE Echo-0005","ix":5,"v":{"a":0,"k":5,"ix":5}}]}],"shapes":[{"ty":"gr","it":[{"ind":0,"ty":"sh","ix":1,"ks":{"a":0,"k":{"i":[[0,0],[0,0],[0,0],[0,0]],"o":[[0,0],[0,0],[0,0],[0,0]],"v":[[-295,-418],[-382,-418],[-382,-518],[-295,-518]],"c":true},"ix":2},"nm":"Path 1","mn":"ADBE Vector Shape - Group","hd":false},{"ty":"fl","c":{"a":0,"k":[0.470588237047,0.35686275363,0.654901981354,1],"ix":4},"o":{"a":0,"k":100,"ix":5},"r":1,"nm":"Fill 1","mn":"ADBE Vector Graphic - Fill","hd":false},{"ty":"tr","p":{"a":0,"k":[0,0],"ix":2},"a":{"a":0,"k":[0,0],"ix":1},"s":{"a":0,"k":[100,100],"ix":3},"r":{"a":0,"k":0,"ix":6},"o":{"a":0,"k":100,"ix":7},"sk":{"a":0,"k":0,"ix":4},"sa":{"a":0,"k":0,"ix":5},"nm":"Transform"}],"nm":"Group 1","np":2,"cix":2,"ix":1,"mn":"ADBE Vector Group","hd":false}],"ip":0,"op":101,"st":0,"bm":0},{"ddd":0,"ind":14,"ty":4,"nm":"shape - 14","sr":1,"ks":{"o":{"a":0,"k":90,"ix":11},"r":{"a":0,"k":0,"ix":10},"p":{"a":1,"k":[{"i":{"x":0.2,"y":1},"o":{"x":0.8,"y":0},"n":"0p2_1_0p8_0","t":10.761,"s":[879.5,75.25,0],"e":[270.5,938.75,0],"to":[-911.5,-11.25,0],"ti":[0,0,0]},{"i":{"x":0.2,"y":1},"o":{"x":0.8,"y":0},"n":"0p2_1_0p8_0","t":44.094,"s":[270.5,938.75,0],"e":[763.49,473.328,0],"to":[771.5,149.25,0],"ti":[0,0,0]},{"i":{"x":0.2,"y":1},"o":{"x":0.8,"y":0},"n":"0p2_1_0p8_0","t":77.428,"s":[763.49,473.328,0],"e":[879.5,75.25,0],"to":[-371.48974609375,-277.328002929688,0],"ti":[0,0,0]},{"t":110.7607421875}],"ix":2,"x":"var $bm_rt;\nif (time <= key(1).time)\n    $bm_rt = loopIn('cycle');\nelse\n    $bm_rt = loopOut('cycle');"},"a":{"a":0,"k":[363.5,-491.5,0],"ix":1},"s":{"a":0,"k":[100,100,100],"ix":6}},"ao":0,"ef":[{"ty":5,"nm":"Echo","np":7,"mn":"ADBE Echo","ix":1,"en":1,"ef":[{"ty":0,"nm":"Echo Time (seconds)","mn":"ADBE Echo-0001","ix":1,"v":{"a":0,"k":-0.05,"ix":1}},{"ty":0,"nm":"Number Of Echoes","mn":"ADBE Echo-0002","ix":2,"v":{"a":0,"k":1,"ix":2}},{"ty":0,"nm":"Starting Intensity","mn":"ADBE Echo-0003","ix":3,"v":{"a":0,"k":1,"ix":3}},{"ty":0,"nm":"Decay","mn":"ADBE Echo-0004","ix":4,"v":{"a":0,"k":1,"ix":4}},{"ty":7,"nm":"Echo Operator","mn":"ADBE Echo-0005","ix":5,"v":{"a":0,"k":5,"ix":5}}]}],"shapes":[{"ty":"gr","it":[{"ind":0,"ty":"sh","ix":1,"ks":{"a":0,"k":{"i":[[0,0],[0,0],[0,0],[0,0]],"o":[[0,0],[0,0],[0,0],[0,0]],"v":[[510,-470],[217,-470],[217,-513],[510,-513]],"c":true},"ix":2},"nm":"Path 1","mn":"ADBE Vector Shape - Group","hd":false},{"ty":"fl","c":{"a":0,"k":[0.560784339905,0.811764717102,0.760784327984,1],"ix":4},"o":{"a":0,"k":100,"ix":5},"r":1,"nm":"Fill 1","mn":"ADBE Vector Graphic - Fill","hd":false},{"ty":"tr","p":{"a":0,"k":[0,0],"ix":2},"a":{"a":0,"k":[0,0],"ix":1},"s":{"a":0,"k":[100,100],"ix":3},"r":{"a":0,"k":0,"ix":6},"o":{"a":0,"k":100,"ix":7},"sk":{"a":0,"k":0,"ix":4},"sa":{"a":0,"k":0,"ix":5},"nm":"Transform"}],"nm":"Group 1","np":2,"cix":2,"ix":1,"mn":"ADBE Vector Group","hd":false}],"ip":0,"op":101,"st":0,"bm":0},{"ddd":0,"ind":15,"ty":4,"nm":"shape - 15","sr":1,"ks":{"o":{"a":0,"k":90,"ix":11},"r":{"a":0,"k":0,"ix":10},"p":{"a":1,"k":[{"i":{"x":0.2,"y":1},"o":{"x":0.8,"y":0},"n":"0p2_1_0p8_0","t":10.435,"s":[956,395.5,0],"e":[397,440.5,0],"to":[-176,588.5,0],"ti":[0,0,0]},{"i":{"x":0.2,"y":1},"o":{"x":0.8,"y":0},"n":"0p2_1_0p8_0","t":43.768,"s":[397,440.5,0],"e":[370.76,394.925,0],"to":[-191,61.5,0],"ti":[0,0,0]},{"i":{"x":0.2,"y":1},"o":{"x":0.8,"y":0},"n":"0p2_1_0p8_0","t":77.102,"s":[370.76,394.925,0],"e":[956,395.5,0],"to":[217.24040222168,-304.924560546875,0],"ti":[0,0,0]},{"t":110.4345703125}],"ix":2,"x":"var $bm_rt;\nif (time <= key(1).time)\n    $bm_rt = loopIn('cycle');\nelse\n    $bm_rt = loopOut('cycle');"},"a":{"a":0,"k":[416,-144.5,0],"ix":1},"s":{"a":0,"k":[109,130,100],"ix":6}},"ao":0,"ef":[{"ty":5,"nm":"Echo","np":7,"mn":"ADBE Echo","ix":1,"en":1,"ef":[{"ty":0,"nm":"Echo Time (seconds)","mn":"ADBE Echo-0001","ix":1,"v":{"a":0,"k":-0.05,"ix":1}},{"ty":0,"nm":"Number Of Echoes","mn":"ADBE Echo-0002","ix":2,"v":{"a":0,"k":1,"ix":2}},{"ty":0,"nm":"Starting Intensity","mn":"ADBE Echo-0003","ix":3,"v":{"a":0,"k":1,"ix":3}},{"ty":0,"nm":"Decay","mn":"ADBE Echo-0004","ix":4,"v":{"a":0,"k":1,"ix":4}},{"ty":7,"nm":"Echo Operator","mn":"ADBE Echo-0005","ix":5,"v":{"a":0,"k":5,"ix":5}}]}],"shapes":[{"ty":"gr","it":[{"ind":0,"ty":"sh","ix":1,"ks":{"a":0,"k":{"i":[[0,0],[0,0],[0,0],[0,0]],"o":[[0,0],[0,0],[0,0],[0,0]],"v":[[400,-203],[432,-203],[432,-86],[400,-86]],"c":true},"ix":2},"nm":"Path 1","mn":"ADBE Vector Shape - Group","hd":false},{"ty":"fl","c":{"a":0,"k":[0.984313726425,0.721568644047,0.75686275959,1],"ix":4},"o":{"a":0,"k":100,"ix":5},"r":1,"nm":"Fill 1","mn":"ADBE Vector Graphic - Fill","hd":false},{"ty":"tr","p":{"a":0,"k":[0,0],"ix":2},"a":{"a":0,"k":[0,0],"ix":1},"s":{"a":0,"k":[100,100],"ix":3},"r":{"a":0,"k":0,"ix":6},"o":{"a":0,"k":100,"ix":7},"sk":{"a":0,"k":0,"ix":4},"sa":{"a":0,"k":0,"ix":5},"nm":"Transform"}],"nm":"Group 1","np":2,"cix":2,"ix":1,"mn":"ADBE Vector Group","hd":false}],"ip":0,"op":101,"st":0,"bm":0},{"ddd":0,"ind":16,"ty":4,"nm":"shape - 16","sr":1,"ks":{"o":{"a":0,"k":90,"ix":11},"r":{"a":0,"k":0,"ix":10},"p":{"a":1,"k":[{"i":{"x":0.2,"y":1},"o":{"x":0.8,"y":0},"n":"0p2_1_0p8_0","t":10.108,"s":[948,709,0],"e":[485,765,0],"to":[-152,371,0],"ti":[0,0,0]},{"i":{"x":0.2,"y":1},"o":{"x":0.8,"y":0},"n":"0p2_1_0p8_0","t":43.441,"s":[485,765,0],"e":[132.826,607.558,0],"to":[189,-453,0],"ti":[0,0,0]},{"i":{"x":0.2,"y":1},"o":{"x":0.8,"y":0},"n":"0p2_1_0p8_0","t":76.775,"s":[132.826,607.558,0],"e":[948,709,0],"to":[611.173950195313,-609.557556152344,0],"ti":[0,0,0]},{"t":110.1083984375}],"ix":2,"x":"var $bm_rt;\nif (time <= key(1).time)\n    $bm_rt = loopIn('cycle');\nelse\n    $bm_rt = loopOut('cycle');"},"a":{"a":0,"k":[443,177,0],"ix":1},"s":{"a":0,"k":[100,100,100],"ix":6}},"ao":0,"ef":[{"ty":5,"nm":"Echo","np":7,"mn":"ADBE Echo","ix":1,"en":1,"ef":[{"ty":0,"nm":"Echo Time (seconds)","mn":"ADBE Echo-0001","ix":1,"v":{"a":0,"k":-0.05,"ix":1}},{"ty":0,"nm":"Number Of Echoes","mn":"ADBE Echo-0002","ix":2,"v":{"a":0,"k":1,"ix":2}},{"ty":0,"nm":"Starting Intensity","mn":"ADBE Echo-0003","ix":3,"v":{"a":0,"k":1,"ix":3}},{"ty":0,"nm":"Decay","mn":"ADBE Echo-0004","ix":4,"v":{"a":0,"k":1,"ix":4}},{"ty":7,"nm":"Echo Operator","mn":"ADBE Echo-0005","ix":5,"v":{"a":0,"k":5,"ix":5}}]}],"shapes":[{"ty":"gr","it":[{"ind":0,"ty":"sh","ix":1,"ks":{"a":0,"k":{"i":[[0,0],[0,0],[0,0],[0,0]],"o":[[0,0],[0,0],[0,0],[0,0]],"v":[[472,232],[414,232],[414,122],[472,122]],"c":true},"ix":2},"nm":"Path 1","mn":"ADBE Vector Shape - Group","hd":false},{"ty":"fl","c":{"a":0,"k":[0,0.760784327984,0.623529434204,1],"ix":4},"o":{"a":0,"k":100,"ix":5},"r":1,"nm":"Fill 1","mn":"ADBE Vector Graphic - Fill","hd":false},{"ty":"tr","p":{"a":0,"k":[0,0],"ix":2},"a":{"a":0,"k":[0,0],"ix":1},"s":{"a":0,"k":[100,100],"ix":3},"r":{"a":0,"k":0,"ix":6},"o":{"a":0,"k":100,"ix":7},"sk":{"a":0,"k":0,"ix":4},"sa":{"a":0,"k":0,"ix":5},"nm":"Transform"}],"nm":"Group 1","np":2,"cix":2,"ix":1,"mn":"ADBE Vector Group","hd":false}],"ip":0,"op":101,"st":0,"bm":0},{"ddd":0,"ind":17,"ty":4,"nm":"shape - 17","sr":1,"ks":{"o":{"a":0,"k":90,"ix":11},"r":{"a":0,"k":0,"ix":10},"p":{"a":1,"k":[{"i":{"x":0.2,"y":1},"o":{"x":0.8,"y":0},"n":"0p2_1_0p8_0","t":9.782,"s":[914.552,815,0],"e":[165.449,539,0],"to":[-624.551513671875,341,0],"ti":[0,0,0]},{"i":{"x":0.2,"y":1},"o":{"x":0.8,"y":0},"n":"0p2_1_0p8_0","t":43.115,"s":[165.449,539,0],"e":[572.865,258.642,0],"to":[494.551513671875,313,0],"ti":[0,0,0]},{"i":{"x":0.2,"y":1},"o":{"x":0.8,"y":0},"n":"0p2_1_0p8_0","t":76.449,"s":[572.865,258.642,0],"e":[914.552,815,0],"to":[-436.865386962891,457.358062744141,0],"ti":[0,0,0]},{"t":109.7822265625}],"ix":2,"x":"var $bm_rt;\nif (time <= key(1).time)\n    $bm_rt = loopIn('cycle');\nelse\n    $bm_rt = loopOut('cycle');"},"a":{"a":0,"k":[414.5,301,0],"ix":1},"s":{"a":0,"k":[116.7,76,100],"ix":6}},"ao":0,"ef":[{"ty":5,"nm":"Echo","np":7,"mn":"ADBE Echo","ix":1,"en":1,"ef":[{"ty":0,"nm":"Echo Time (seconds)","mn":"ADBE Echo-0001","ix":1,"v":{"a":0,"k":-0.05,"ix":1}},{"ty":0,"nm":"Number Of Echoes","mn":"ADBE Echo-0002","ix":2,"v":{"a":0,"k":1,"ix":2}},{"ty":0,"nm":"Starting Intensity","mn":"ADBE Echo-0003","ix":3,"v":{"a":0,"k":1,"ix":3}},{"ty":0,"nm":"Decay","mn":"ADBE Echo-0004","ix":4,"v":{"a":0,"k":1,"ix":4}},{"ty":7,"nm":"Echo Operator","mn":"ADBE Echo-0005","ix":5,"v":{"a":0,"k":5,"ix":5}}]}],"shapes":[{"ty":"gr","it":[{"ind":0,"ty":"sh","ix":1,"ks":{"a":0,"k":{"i":[[0,0],[0,0],[0,0],[0,0]],"o":[[0,0],[0,0],[0,0],[0,0]],"v":[[510,348],[319,348],[319,254],[510,254]],"c":true},"ix":2},"nm":"Path 1","mn":"ADBE Vector Shape - Group","hd":false},{"ty":"fl","c":{"a":0,"k":[0.196078434587,0.57647061348,0.741176486015,1],"ix":4},"o":{"a":0,"k":100,"ix":5},"r":1,"nm":"Fill 1","mn":"ADBE Vector Graphic - Fill","hd":false},{"ty":"tr","p":{"a":0,"k":[0,0],"ix":2},"a":{"a":0,"k":[0,0],"ix":1},"s":{"a":0,"k":[100,100],"ix":3},"r":{"a":0,"k":0,"ix":6},"o":{"a":0,"k":100,"ix":7},"sk":{"a":0,"k":0,"ix":4},"sa":{"a":0,"k":0,"ix":5},"nm":"Transform"}],"nm":"Group 1","np":2,"cix":2,"ix":1,"mn":"ADBE Vector Group","hd":false}],"ip":0,"op":101,"st":0,"bm":0},{"ddd":0,"ind":18,"ty":4,"nm":"shape - 18","sr":1,"ks":{"o":{"a":0,"k":90,"ix":11},"r":{"a":0,"k":0,"ix":10},"p":{"a":1,"k":[{"i":{"x":0.2,"y":1},"o":{"x":0.8,"y":0},"n":"0p2_1_0p8_0","t":9.456,"s":[820,1008.75,0],"e":[204,71.25,0],"to":[320,-782.75,0],"ti":[0,0,0]},{"i":{"x":0.2,"y":1},"o":{"x":0.8,"y":0},"n":"0p2_1_0p8_0","t":42.789,"s":[204,71.25,0],"e":[362.824,895.751,0],"to":[610,528.75,0],"ti":[0,0,0]},{"i":{"x":0.2,"y":1},"o":{"x":0.8,"y":0},"n":"0p2_1_0p8_0","t":76.123,"s":[362.824,895.751,0],"e":[820,1008.75,0],"to":[339.176452636719,-529.751281738281,0],"ti":[0,0,0]},{"t":109.4560546875}],"ix":2,"x":"var $bm_rt;\nif (time <= key(1).time)\n    $bm_rt = loopIn('cycle');\nelse\n    $bm_rt = loopOut('cycle');"},"a":{"a":0,"k":[337,499.5,0],"ix":1},"s":{"a":0,"k":[100,100,100],"ix":6}},"ao":0,"ef":[{"ty":5,"nm":"Echo","np":7,"mn":"ADBE Echo","ix":1,"en":1,"ef":[{"ty":0,"nm":"Echo Time (seconds)","mn":"ADBE Echo-0001","ix":1,"v":{"a":0,"k":-0.05,"ix":1}},{"ty":0,"nm":"Number Of Echoes","mn":"ADBE Echo-0002","ix":2,"v":{"a":0,"k":1,"ix":2}},{"ty":0,"nm":"Starting Intensity","mn":"ADBE Echo-0003","ix":3,"v":{"a":0,"k":1,"ix":3}},{"ty":0,"nm":"Decay","mn":"ADBE Echo-0004","ix":4,"v":{"a":0,"k":1,"ix":4}},{"ty":7,"nm":"Echo Operator","mn":"ADBE Echo-0005","ix":5,"v":{"a":0,"k":5,"ix":5}}]}],"shapes":[{"ty":"gr","it":[{"ind":0,"ty":"sh","ix":1,"ks":{"a":0,"k":{"i":[[0,0],[0,0],[0,0],[0,0]],"o":[[0,0],[0,0],[0,0],[0,0]],"v":[[393,517],[281,517],[281,482],[393,482]],"c":true},"ix":2},"nm":"Path 1","mn":"ADBE Vector Shape - Group","hd":false},{"ty":"fl","c":{"a":0,"k":[0.980392158031,0.792156875134,0.003921568859,1],"ix":4},"o":{"a":0,"k":100,"ix":5},"r":1,"nm":"Fill 1","mn":"ADBE Vector Graphic - Fill","hd":false},{"ty":"tr","p":{"a":0,"k":[0,0],"ix":2},"a":{"a":0,"k":[0,0],"ix":1},"s":{"a":0,"k":[100,100],"ix":3},"r":{"a":0,"k":0,"ix":6},"o":{"a":0,"k":100,"ix":7},"sk":{"a":0,"k":0,"ix":4},"sa":{"a":0,"k":0,"ix":5},"nm":"Transform"}],"nm":"Group 1","np":2,"cix":2,"ix":1,"mn":"ADBE Vector Group","hd":false}],"ip":0,"op":101,"st":0,"bm":0},{"ddd":0,"ind":19,"ty":4,"nm":"shape - 19","sr":1,"ks":{"o":{"a":0,"k":90,"ix":11},"r":{"a":0,"k":0,"ix":10},"p":{"a":1,"k":[{"i":{"x":0.2,"y":1},"o":{"x":0.8,"y":0},"n":"0p2_1_0p8_0","t":9.131,"s":[832,937,0],"e":[134,628,0],"to":[2,-733,0],"ti":[0,0,0]},{"i":{"x":0.2,"y":1},"o":{"x":0.8,"y":0},"n":"0p2_1_0p8_0","t":42.464,"s":[134,628,0],"e":[581.468,986.25,0],"to":[510,-200,0],"ti":[0,0,0]},{"i":{"x":0.2,"y":1},"o":{"x":0.8,"y":0},"n":"0p2_1_0p8_0","t":75.798,"s":[581.468,986.25,0],"e":[832,937,0],"to":[108.531951904297,-356.25,0],"ti":[0,0,0]},{"t":109.130859375}],"ix":2,"x":"var $bm_rt;\nif (time <= key(1).time)\n    $bm_rt = loopIn('cycle');\nelse\n    $bm_rt = loopOut('cycle');"},"a":{"a":0,"k":[316,405,0],"ix":1},"s":{"a":0,"k":[100,100,100],"ix":6}},"ao":0,"ef":[{"ty":5,"nm":"Echo","np":7,"mn":"ADBE Echo","ix":1,"en":1,"ef":[{"ty":0,"nm":"Echo Time (seconds)","mn":"ADBE Echo-0001","ix":1,"v":{"a":0,"k":-0.05,"ix":1}},{"ty":0,"nm":"Number Of Echoes","mn":"ADBE Echo-0002","ix":2,"v":{"a":0,"k":1,"ix":2}},{"ty":0,"nm":"Starting Intensity","mn":"ADBE Echo-0003","ix":3,"v":{"a":0,"k":1,"ix":3}},{"ty":0,"nm":"Decay","mn":"ADBE Echo-0004","ix":4,"v":{"a":0,"k":1,"ix":4}},{"ty":7,"nm":"Echo Operator","mn":"ADBE Echo-0005","ix":5,"v":{"a":0,"k":5,"ix":5}}]}],"shapes":[{"ty":"gr","it":[{"ind":0,"ty":"sh","ix":1,"ks":{"a":0,"k":{"i":[[0,0],[0,0],[0,0],[0,0]],"o":[[0,0],[0,0],[0,0],[0,0]],"v":[[396,445],[236,445],[236,365],[396,365]],"c":true},"ix":2},"nm":"Path 1","mn":"ADBE Vector Shape - Group","hd":false},{"ty":"fl","c":{"a":0,"k":[0.741176486015,0.803921580315,0.847058832645,1],"ix":4},"o":{"a":0,"k":100,"ix":5},"r":1,"nm":"Fill 1","mn":"ADBE Vector Graphic - Fill","hd":false},{"ty":"tr","p":{"a":0,"k":[0,0],"ix":2},"a":{"a":0,"k":[0,0],"ix":1},"s":{"a":0,"k":[100,100],"ix":3},"r":{"a":0,"k":0,"ix":6},"o":{"a":0,"k":100,"ix":7},"sk":{"a":0,"k":0,"ix":4},"sa":{"a":0,"k":0,"ix":5},"nm":"Transform"}],"nm":"Group 1","np":2,"cix":2,"ix":1,"mn":"ADBE Vector Group","hd":false}],"ip":0,"op":101,"st":0,"bm":0},{"ddd":0,"ind":20,"ty":4,"nm":"shape - 20","sr":1,"ks":{"o":{"a":0,"k":90,"ix":11},"r":{"a":0,"k":0,"ix":10},"p":{"a":1,"k":[{"i":{"x":0.2,"y":1},"o":{"x":0.8,"y":0},"n":"0p2_1_0p8_0","t":8.805,"s":[770,839,0],"e":[1010,95.75,0],"to":[-266,-595,0],"ti":[0,0,0]},{"i":{"x":0.2,"y":1},"o":{"x":0.8,"y":0},"n":"0p2_1_0p8_0","t":42.138,"s":[1010,95.75,0],"e":[284.936,275.29,0],"to":[-316,330.25,0],"ti":[0,0,0]},{"i":{"x":0.2,"y":1},"o":{"x":0.8,"y":0},"n":"0p2_1_0p8_0","t":75.472,"s":[284.936,275.29,0],"e":[770,839,0],"to":[435.06396484375,-109.289642333984,0],"ti":[0,0,0]},{"t":108.8046875}],"ix":2,"x":"var $bm_rt;\nif (time <= key(1).time)\n    $bm_rt = loopIn('cycle');\nelse\n    $bm_rt = loopOut('cycle');"},"a":{"a":0,"k":[258,304,0],"ix":1},"s":{"a":0,"k":[100,100,100],"ix":6}},"ao":0,"ef":[{"ty":5,"nm":"Echo","np":7,"mn":"ADBE Echo","ix":1,"en":1,"ef":[{"ty":0,"nm":"Echo Time (seconds)","mn":"ADBE Echo-0001","ix":1,"v":{"a":0,"k":-0.05,"ix":1}},{"ty":0,"nm":"Number Of Echoes","mn":"ADBE Echo-0002","ix":2,"v":{"a":0,"k":1,"ix":2}},{"ty":0,"nm":"Starting Intensity","mn":"ADBE Echo-0003","ix":3,"v":{"a":0,"k":1,"ix":3}},{"ty":0,"nm":"Decay","mn":"ADBE Echo-0004","ix":4,"v":{"a":0,"k":1,"ix":4}},{"ty":7,"nm":"Echo Operator","mn":"ADBE Echo-0005","ix":5,"v":{"a":0,"k":5,"ix":5}}]}],"shapes":[{"ty":"gr","it":[{"ind":0,"ty":"sh","ix":1,"ks":{"a":0,"k":{"i":[[0,0],[0,0],[0,0],[0,0]],"o":[[0,0],[0,0],[0,0],[0,0]],"v":[[242,346],[274,346],[274,262],[242,262]],"c":true},"ix":2},"nm":"Path 1","mn":"ADBE Vector Shape - Group","hd":false},{"ty":"fl","c":{"a":0,"k":[0.196078434587,0.57647061348,0.741176486015,1],"ix":4},"o":{"a":0,"k":100,"ix":5},"r":1,"nm":"Fill 1","mn":"ADBE Vector Graphic - Fill","hd":false},{"ty":"tr","p":{"a":0,"k":[0,0],"ix":2},"a":{"a":0,"k":[0,0],"ix":1},"s":{"a":0,"k":[100,100],"ix":3},"r":{"a":0,"k":0,"ix":6},"o":{"a":0,"k":100,"ix":7},"sk":{"a":0,"k":0,"ix":4},"sa":{"a":0,"k":0,"ix":5},"nm":"Transform"}],"nm":"Group 1","np":2,"cix":2,"ix":1,"mn":"ADBE Vector Group","hd":false}],"ip":0,"op":101,"st":0,"bm":0},{"ddd":0,"ind":21,"ty":4,"nm":"shape - 21","sr":1,"ks":{"o":{"a":0,"k":90,"ix":11},"r":{"a":0,"k":0,"ix":10},"p":{"a":1,"k":[{"i":{"x":0.2,"y":1},"o":{"x":0.8,"y":0},"n":"0p2_1_0p8_0","t":8.479,"s":[698.5,907.25,0],"e":[465.5,366.75,0],"to":[-694.5,8.75,0],"ti":[0,0,0]},{"i":{"x":0.2,"y":1},"o":{"x":0.8,"y":0},"n":"0p2_1_0p8_0","t":41.812,"s":[465.5,366.75,0],"e":[888.109,643.465,0],"to":[18.5,393.25,0],"ti":[0,0,0]},{"i":{"x":0.2,"y":1},"o":{"x":0.8,"y":0},"n":"0p2_1_0p8_0","t":75.146,"s":[888.109,643.465,0],"e":[698.5,907.25,0],"to":[205.89128112793,316.53515625,0],"ti":[0,0,0]},{"t":108.478515625}],"ix":2,"x":"var $bm_rt;\nif (time <= key(1).time)\n    $bm_rt = loopIn('cycle');\nelse\n    $bm_rt = loopOut('cycle');"},"a":{"a":0,"k":[185.5,395,0],"ix":1},"s":{"a":0,"k":[100,100,100],"ix":6}},"ao":0,"ef":[{"ty":5,"nm":"Echo","np":7,"mn":"ADBE Echo","ix":1,"en":1,"ef":[{"ty":0,"nm":"Echo Time (seconds)","mn":"ADBE Echo-0001","ix":1,"v":{"a":0,"k":-0.05,"ix":1}},{"ty":0,"nm":"Number Of Echoes","mn":"ADBE Echo-0002","ix":2,"v":{"a":0,"k":1,"ix":2}},{"ty":0,"nm":"Starting Intensity","mn":"ADBE Echo-0003","ix":3,"v":{"a":0,"k":1,"ix":3}},{"ty":0,"nm":"Decay","mn":"ADBE Echo-0004","ix":4,"v":{"a":0,"k":1,"ix":4}},{"ty":7,"nm":"Echo Operator","mn":"ADBE Echo-0005","ix":5,"v":{"a":0,"k":5,"ix":5}}]}],"shapes":[{"ty":"gr","it":[{"ind":0,"ty":"sh","ix":1,"ks":{"a":0,"k":{"i":[[0,0],[0,0],[0,0],[0,0]],"o":[[0,0],[0,0],[0,0],[0,0]],"v":[[223,514],[148,514],[148,276],[223,276]],"c":true},"ix":2},"nm":"Path 1","mn":"ADBE Vector Shape - Group","hd":false},{"ty":"fl","c":{"a":0,"k":[0.941176474094,0.486274510622,0.521568655968,1],"ix":4},"o":{"a":0,"k":100,"ix":5},"r":1,"nm":"Fill 1","mn":"ADBE Vector Graphic - Fill","hd":false},{"ty":"tr","p":{"a":0,"k":[0,0],"ix":2},"a":{"a":0,"k":[0,0],"ix":1},"s":{"a":0,"k":[100,100],"ix":3},"r":{"a":0,"k":0,"ix":6},"o":{"a":0,"k":100,"ix":7},"sk":{"a":0,"k":0,"ix":4},"sa":{"a":0,"k":0,"ix":5},"nm":"Transform"}],"nm":"Group 1","np":2,"cix":2,"ix":1,"mn":"ADBE Vector Group","hd":false}],"ip":0,"op":101,"st":0,"bm":0},{"ddd":0,"ind":22,"ty":4,"nm":"shape - 22","sr":1,"ks":{"o":{"a":0,"k":90,"ix":11},"r":{"a":0,"k":0,"ix":10},"p":{"a":1,"k":[{"i":{"x":0.2,"y":1},"o":{"x":0.8,"y":0},"n":"0p2_1_0p8_0","t":8.152,"s":[605.5,839.5,0],"e":[455.5,974.75,0],"to":[100.5,252.5,0],"ti":[0,0,0]},{"i":{"x":0.2,"y":1},"o":{"x":0.8,"y":0},"n":"0p2_1_0p8_0","t":41.485,"s":[455.5,974.75,0],"e":[716.523,237.256,0],"to":[-461.5,-602.75,0],"ti":[0,0,0]},{"i":{"x":0.2,"y":1},"o":{"x":0.8,"y":0},"n":"0p2_1_0p8_0","t":74.819,"s":[716.523,237.256,0],"e":[605.5,839.5,0],"to":[423.476989746094,428.743591308594,0],"ti":[0,0,0]},{"t":108.15234375}],"ix":2,"x":"var $bm_rt;\nif (time <= key(1).time)\n    $bm_rt = loopIn('cycle');\nelse\n    $bm_rt = loopOut('cycle');"},"a":{"a":0,"k":[73.5,316.5,0],"ix":1},"s":{"a":0,"k":[100,100,100],"ix":6}},"ao":0,"ef":[{"ty":5,"nm":"Echo","np":7,"mn":"ADBE Echo","ix":1,"en":1,"ef":[{"ty":0,"nm":"Echo Time (seconds)","mn":"ADBE Echo-0001","ix":1,"v":{"a":0,"k":-0.05,"ix":1}},{"ty":0,"nm":"Number Of Echoes","mn":"ADBE Echo-0002","ix":2,"v":{"a":0,"k":1,"ix":2}},{"ty":0,"nm":"Starting Intensity","mn":"ADBE Echo-0003","ix":3,"v":{"a":0,"k":1,"ix":3}},{"ty":0,"nm":"Decay","mn":"ADBE Echo-0004","ix":4,"v":{"a":0,"k":1,"ix":4}},{"ty":7,"nm":"Echo Operator","mn":"ADBE Echo-0005","ix":5,"v":{"a":0,"k":5,"ix":5}}]}],"shapes":[{"ty":"gr","it":[{"ind":0,"ty":"sh","ix":1,"ks":{"a":0,"k":{"i":[[0,0],[0,0],[0,0],[0,0]],"o":[[0,0],[0,0],[0,0],[0,0]],"v":[[94,368],[53,368],[53,265],[94,265]],"c":true},"ix":2},"nm":"Path 1","mn":"ADBE Vector Shape - Group","hd":false},{"ty":"fl","c":{"a":0,"k":[0.941176474094,0.929411768913,0.823529422283,1],"ix":4},"o":{"a":0,"k":100,"ix":5},"r":1,"nm":"Fill 1","mn":"ADBE Vector Graphic - Fill","hd":false},{"ty":"tr","p":{"a":0,"k":[0,0],"ix":2},"a":{"a":0,"k":[0,0],"ix":1},"s":{"a":0,"k":[100,100],"ix":3},"r":{"a":0,"k":0,"ix":6},"o":{"a":0,"k":100,"ix":7},"sk":{"a":0,"k":0,"ix":4},"sa":{"a":0,"k":0,"ix":5},"nm":"Transform"}],"nm":"Group 1","np":2,"cix":2,"ix":1,"mn":"ADBE Vector Group","hd":false}],"ip":0,"op":101,"st":0,"bm":0},{"ddd":0,"ind":23,"ty":4,"nm":"shape - 23","sr":1,"ks":{"o":{"a":0,"k":90,"ix":11},"r":{"a":0,"k":0,"ix":10},"p":{"a":1,"k":[{"i":{"x":0.2,"y":1},"o":{"x":0.8,"y":0},"n":"0p2_1_0p8_0","t":7.826,"s":[448,968.25,0],"e":[469,111.75,0],"to":[-768,-582.25,0],"ti":[0,0,0]},{"i":{"x":0.2,"y":1},"o":{"x":0.8,"y":0},"n":"0p2_1_0p8_0","t":41.159,"s":[469,111.75,0],"e":[834,379.678,0],"to":[-159,460.25,0],"ti":[0,0,0]},{"i":{"x":0.2,"y":1},"o":{"x":0.8,"y":0},"n":"0p2_1_0p8_0","t":74.493,"s":[834,379.678,0],"e":[448,968.25,0],"to":[304,654.321594238281,0],"ti":[0,0,0]},{"t":107.826171875}],"ix":2,"x":"var $bm_rt;\nif (time <= key(1).time)\n    $bm_rt = loopIn('cycle');\nelse\n    $bm_rt = loopOut('cycle');"},"a":{"a":0,"k":[-85,457,0],"ix":1},"s":{"a":0,"k":[100,100,100],"ix":6}},"ao":0,"ef":[{"ty":5,"nm":"Echo","np":7,"mn":"ADBE Echo","ix":1,"en":1,"ef":[{"ty":0,"nm":"Echo Time (seconds)","mn":"ADBE Echo-0001","ix":1,"v":{"a":0,"k":-0.05,"ix":1}},{"ty":0,"nm":"Number Of Echoes","mn":"ADBE Echo-0002","ix":2,"v":{"a":0,"k":1,"ix":2}},{"ty":0,"nm":"Starting Intensity","mn":"ADBE Echo-0003","ix":3,"v":{"a":0,"k":1,"ix":3}},{"ty":0,"nm":"Decay","mn":"ADBE Echo-0004","ix":4,"v":{"a":0,"k":1,"ix":4}},{"ty":7,"nm":"Echo Operator","mn":"ADBE Echo-0005","ix":5,"v":{"a":0,"k":5,"ix":5}}]}],"shapes":[{"ty":"gr","it":[{"ind":0,"ty":"sh","ix":1,"ks":{"a":0,"k":{"i":[[0,0],[0,0],[0,0],[0,0]],"o":[[0,0],[0,0],[0,0],[0,0]],"v":[[107,515],[-277,515],[-277,399],[107,399]],"c":true},"ix":2},"nm":"Path 1","mn":"ADBE Vector Shape - Group","hd":false},{"ty":"fl","c":{"a":0,"k":[0.470588237047,0.35686275363,0.654901981354,1],"ix":4},"o":{"a":0,"k":100,"ix":5},"r":1,"nm":"Fill 1","mn":"ADBE Vector Graphic - Fill","hd":false},{"ty":"tr","p":{"a":0,"k":[0,0],"ix":2},"a":{"a":0,"k":[0,0],"ix":1},"s":{"a":0,"k":[100,100],"ix":3},"r":{"a":0,"k":0,"ix":6},"o":{"a":0,"k":100,"ix":7},"sk":{"a":0,"k":0,"ix":4},"sa":{"a":0,"k":0,"ix":5},"nm":"Transform"}],"nm":"Group 1","np":2,"cix":2,"ix":1,"mn":"ADBE Vector Group","hd":false}],"ip":0,"op":101,"st":0,"bm":0},{"ddd":0,"ind":24,"ty":4,"nm":"shape - 24","sr":1,"ks":{"o":{"a":0,"k":90,"ix":11},"r":{"a":0,"k":0,"ix":10},"p":{"a":1,"k":[{"i":{"x":0.2,"y":1},"o":{"x":0.8,"y":0},"n":"0p2_1_0p8_0","t":7.5,"s":[116.5,895.25,0],"e":[740.5,990.97,0],"to":[613.5,-395.25,0],"ti":[0,0,0]},{"i":{"x":0.2,"y":1},"o":{"x":0.8,"y":0},"n":"0p2_1_0p8_0","t":40.833,"s":[740.5,990.97,0],"e":[782.198,809.43,0],"to":[281.5,5.02999877929688,0],"ti":[0,0,0]},{"i":{"x":0.2,"y":1},"o":{"x":0.8,"y":0},"n":"0p2_1_0p8_0","t":74.167,"s":[782.198,809.43,0],"e":[116.5,895.25,0],"to":[-296.198211669922,-547.430358886719,0],"ti":[0,0,0]},{"t":107.5}],"ix":2,"x":"var $bm_rt;\nif (time <= key(1).time)\n    $bm_rt = loopIn('cycle');\nelse\n    $bm_rt = loopOut('cycle');"},"a":{"a":0,"k":[-454.5,354,0],"ix":1},"s":{"a":0,"k":[100,72,100],"ix":6}},"ao":0,"ef":[{"ty":5,"nm":"Echo","np":7,"mn":"ADBE Echo","ix":1,"en":1,"ef":[{"ty":0,"nm":"Echo Time (seconds)","mn":"ADBE Echo-0001","ix":1,"v":{"a":0,"k":-0.05,"ix":1}},{"ty":0,"nm":"Number Of Echoes","mn":"ADBE Echo-0002","ix":2,"v":{"a":0,"k":1,"ix":2}},{"ty":0,"nm":"Starting Intensity","mn":"ADBE Echo-0003","ix":3,"v":{"a":0,"k":1,"ix":3}},{"ty":0,"nm":"Decay","mn":"ADBE Echo-0004","ix":4,"v":{"a":0,"k":1,"ix":4}},{"ty":7,"nm":"Echo Operator","mn":"ADBE Echo-0005","ix":5,"v":{"a":0,"k":5,"ix":5}}]}],"shapes":[{"ty":"gr","it":[{"ind":0,"ty":"sh","ix":1,"ks":{"a":0,"k":{"i":[[0,0],[0,0],[0,0],[0,0]],"o":[[0,0],[0,0],[0,0],[0,0]],"v":[[-392,403],[-517,403],[-517,305],[-392,305]],"c":true},"ix":2},"nm":"Path 1","mn":"ADBE Vector Shape - Group","hd":false},{"ty":"fl","c":{"a":0,"k":[0.741176486015,0.803921580315,0.847058832645,1],"ix":4},"o":{"a":0,"k":100,"ix":5},"r":1,"nm":"Fill 1","mn":"ADBE Vector Graphic - Fill","hd":false},{"ty":"tr","p":{"a":0,"k":[0,0],"ix":2},"a":{"a":0,"k":[0,0],"ix":1},"s":{"a":0,"k":[100,100],"ix":3},"r":{"a":0,"k":0,"ix":6},"o":{"a":0,"k":100,"ix":7},"sk":{"a":0,"k":0,"ix":4},"sa":{"a":0,"k":0,"ix":5},"nm":"Transform"}],"nm":"Group 1","np":2,"cix":2,"ix":1,"mn":"ADBE Vector Group","hd":false}],"ip":0,"op":101,"st":0,"bm":0},{"ddd":0,"ind":25,"ty":4,"nm":"shape - 25","sr":1,"ks":{"o":{"a":0,"k":90,"ix":11},"r":{"a":0,"k":0,"ix":10},"p":{"a":1,"k":[{"i":{"x":0.2,"y":1},"o":{"x":0.8,"y":0},"n":"0p2_1_0p8_0","t":7.174,"s":[135,764.5,0],"e":[278,641.5,0],"to":[-47,-212.5,0],"ti":[0,0,0]},{"i":{"x":0.2,"y":1},"o":{"x":0.8,"y":0},"n":"0p2_1_0p8_0","t":40.507,"s":[278,641.5,0],"e":[721.882,916.93,0],"to":[484,-223.5,0],"ti":[0,0,0]},{"i":{"x":0.2,"y":1},"o":{"x":0.8,"y":0},"n":"0p2_1_0p8_0","t":73.841,"s":[721.882,916.93,0],"e":[135,764.5,0],"to":[-73.8823547363281,-542.930236816406,0],"ti":[0,0,0]},{"t":107.173828125}],"ix":2,"x":"var $bm_rt;\nif (time <= key(1).time)\n    $bm_rt = loopIn('cycle');\nelse\n    $bm_rt = loopOut('cycle');"},"a":{"a":0,"k":[-430,209.5,0],"ix":1},"s":{"a":0,"k":[100,164,100],"ix":6}},"ao":0,"ef":[{"ty":5,"nm":"Echo","np":7,"mn":"ADBE Echo","ix":1,"en":1,"ef":[{"ty":0,"nm":"Echo Time (seconds)","mn":"ADBE Echo-0001","ix":1,"v":{"a":0,"k":-0.05,"ix":1}},{"ty":0,"nm":"Number Of Echoes","mn":"ADBE Echo-0002","ix":2,"v":{"a":0,"k":1,"ix":2}},{"ty":0,"nm":"Starting Intensity","mn":"ADBE Echo-0003","ix":3,"v":{"a":0,"k":1,"ix":3}},{"ty":0,"nm":"Decay","mn":"ADBE Echo-0004","ix":4,"v":{"a":0,"k":1,"ix":4}},{"ty":7,"nm":"Echo Operator","mn":"ADBE Echo-0005","ix":5,"v":{"a":0,"k":5,"ix":5}}]}],"shapes":[{"ty":"gr","it":[{"ind":0,"ty":"sh","ix":1,"ks":{"a":0,"k":{"i":[[0,0],[0,0],[0,0],[0,0]],"o":[[0,0],[0,0],[0,0],[0,0]],"v":[[-380,245],[-480,245],[-480,174],[-380,174]],"c":true},"ix":2},"nm":"Path 1","mn":"ADBE Vector Shape - Group","hd":false},{"ty":"fl","c":{"a":0,"k":[0.560784339905,0.811764717102,0.760784327984,1],"ix":4},"o":{"a":0,"k":100,"ix":5},"r":1,"nm":"Fill 1","mn":"ADBE Vector Graphic - Fill","hd":false},{"ty":"tr","p":{"a":0,"k":[0,0],"ix":2},"a":{"a":0,"k":[0,0],"ix":1},"s":{"a":0,"k":[100,100],"ix":3},"r":{"a":0,"k":0,"ix":6},"o":{"a":0,"k":100,"ix":7},"sk":{"a":0,"k":0,"ix":4},"sa":{"a":0,"k":0,"ix":5},"nm":"Transform"}],"nm":"Group 1","np":2,"cix":2,"ix":1,"mn":"ADBE Vector Group","hd":false}],"ip":0,"op":101,"st":0,"bm":0},{"ddd":0,"ind":26,"ty":4,"nm":"shape - 26","sr":1,"ks":{"o":{"a":0,"k":90,"ix":11},"r":{"a":0,"k":0,"ix":10},"p":{"a":1,"k":[{"i":{"x":0.2,"y":1},"o":{"x":0.8,"y":0},"n":"0p2_1_0p8_0","t":6.848,"s":[196,372,0],"e":[982,630.75,0],"to":[156,752,0],"ti":[0,0,0]},{"i":{"x":0.2,"y":1},"o":{"x":0.8,"y":0},"n":"0p2_1_0p8_0","t":40.181,"s":[982,630.75,0],"e":[620.013,362.053,0],"to":[-496,173.25,0],"ti":[0,0,0]},{"i":{"x":0.2,"y":1},"o":{"x":0.8,"y":0},"n":"0p2_1_0p8_0","t":73.515,"s":[620.013,362.053,0],"e":[196,372,0],"to":[-188.012802124023,359.946960449219,0],"ti":[0,0,0]},{"t":106.84765625}],"ix":2,"x":"var $bm_rt;\nif (time <= key(1).time)\n    $bm_rt = loopIn('cycle');\nelse\n    $bm_rt = loopOut('cycle');"},"a":{"a":0,"k":[-362,-136,0],"ix":1},"s":{"a":0,"k":[100,100,100],"ix":6}},"ao":0,"ef":[{"ty":5,"nm":"Echo","np":7,"mn":"ADBE Echo","ix":1,"en":1,"ef":[{"ty":0,"nm":"Echo Time (seconds)","mn":"ADBE Echo-0001","ix":1,"v":{"a":0,"k":-0.05,"ix":1}},{"ty":0,"nm":"Number Of Echoes","mn":"ADBE Echo-0002","ix":2,"v":{"a":0,"k":1,"ix":2}},{"ty":0,"nm":"Starting Intensity","mn":"ADBE Echo-0003","ix":3,"v":{"a":0,"k":1,"ix":3}},{"ty":0,"nm":"Decay","mn":"ADBE Echo-0004","ix":4,"v":{"a":0,"k":1,"ix":4}},{"ty":7,"nm":"Echo Operator","mn":"ADBE Echo-0005","ix":5,"v":{"a":0,"k":5,"ix":5}}]}],"shapes":[{"ty":"gr","it":[{"ind":0,"ty":"sh","ix":1,"ks":{"a":0,"k":{"i":[[0,0],[0,0],[0,0],[0,0]],"o":[[0,0],[0,0],[0,0],[0,0]],"v":[[-351,-85],[-373,-85],[-373,-187],[-351,-187]],"c":true},"ix":2},"nm":"Path 1","mn":"ADBE Vector Shape - Group","hd":false},{"ty":"fl","c":{"a":0,"k":[0.196078434587,0.57647061348,0.741176486015,1],"ix":4},"o":{"a":0,"k":100,"ix":5},"r":1,"nm":"Fill 1","mn":"ADBE Vector Graphic - Fill","hd":false},{"ty":"tr","p":{"a":0,"k":[0,0],"ix":2},"a":{"a":0,"k":[0,0],"ix":1},"s":{"a":0,"k":[100,100],"ix":3},"r":{"a":0,"k":0,"ix":6},"o":{"a":0,"k":100,"ix":7},"sk":{"a":0,"k":0,"ix":4},"sa":{"a":0,"k":0,"ix":5},"nm":"Transform"}],"nm":"Group 1","np":2,"cix":2,"ix":1,"mn":"ADBE Vector Group","hd":false}],"ip":0,"op":101,"st":0,"bm":0},{"ddd":0,"ind":27,"ty":4,"nm":"shape - 27","sr":1,"ks":{"o":{"a":0,"k":90,"ix":11},"r":{"a":0,"k":0,"ix":10},"p":{"a":1,"k":[{"i":{"x":0.2,"y":1},"o":{"x":0.8,"y":0},"n":"0p2_1_0p8_0","t":6.521,"s":[232,400,0],"e":[982,794,0],"to":[838,-506,0],"ti":[0,0,0]},{"i":{"x":0.2,"y":1},"o":{"x":0.8,"y":0},"n":"0p2_1_0p8_0","t":39.854,"s":[982,794,0],"e":[912.038,887.293,0],"to":[-132,-50,0],"ti":[0,0,0]},{"i":{"x":0.2,"y":1},"o":{"x":0.8,"y":0},"n":"0p2_1_0p8_0","t":73.188,"s":[912.038,887.293,0],"e":[232,400,0],"to":[109.961624145508,-787.29345703125,0],"ti":[0,0,0]},{"t":106.521484375}],"ix":2,"x":"var $bm_rt;\nif (time <= key(1).time)\n    $bm_rt = loopIn('cycle');\nelse\n    $bm_rt = loopOut('cycle');"},"a":{"a":0,"k":[-317,-122,0],"ix":1},"s":{"a":0,"k":[100,100,100],"ix":6}},"ao":0,"ef":[{"ty":5,"nm":"Echo","np":7,"mn":"ADBE Echo","ix":1,"en":1,"ef":[{"ty":0,"nm":"Echo Time (seconds)","mn":"ADBE Echo-0001","ix":1,"v":{"a":0,"k":-0.05,"ix":1}},{"ty":0,"nm":"Number Of Echoes","mn":"ADBE Echo-0002","ix":2,"v":{"a":0,"k":1,"ix":2}},{"ty":0,"nm":"Starting Intensity","mn":"ADBE Echo-0003","ix":3,"v":{"a":0,"k":1,"ix":3}},{"ty":0,"nm":"Decay","mn":"ADBE Echo-0004","ix":4,"v":{"a":0,"k":1,"ix":4}},{"ty":7,"nm":"Echo Operator","mn":"ADBE Echo-0005","ix":5,"v":{"a":0,"k":5,"ix":5}}]}],"shapes":[{"ty":"gr","it":[{"ind":0,"ty":"sh","ix":1,"ks":{"a":0,"k":{"i":[[0,0],[0,0],[0,0],[0,0]],"o":[[0,0],[0,0],[0,0],[0,0]],"v":[[-328,-30],[-306,-30],[-306,-214],[-328,-214]],"c":true},"ix":2},"nm":"Path 1","mn":"ADBE Vector Shape - Group","hd":false},{"ty":"fl","c":{"a":0,"k":[0.964705884457,0.298039227724,0.266666680574,1],"ix":4},"o":{"a":0,"k":100,"ix":5},"r":1,"nm":"Fill 1","mn":"ADBE Vector Graphic - Fill","hd":false},{"ty":"tr","p":{"a":0,"k":[0,0],"ix":2},"a":{"a":0,"k":[0,0],"ix":1},"s":{"a":0,"k":[100,100],"ix":3},"r":{"a":0,"k":0,"ix":6},"o":{"a":0,"k":100,"ix":7},"sk":{"a":0,"k":0,"ix":4},"sa":{"a":0,"k":0,"ix":5},"nm":"Transform"}],"nm":"Group 1","np":2,"cix":2,"ix":1,"mn":"ADBE Vector Group","hd":false}],"ip":0,"op":101,"st":0,"bm":0},{"ddd":0,"ind":28,"ty":4,"nm":"shape - 28","sr":1,"ks":{"o":{"a":0,"k":90,"ix":11},"r":{"a":0,"k":0,"ix":10},"p":{"a":1,"k":[{"i":{"x":0.2,"y":1},"o":{"x":0.8,"y":0},"n":"0p2_1_0p8_0","t":6.195,"s":[248.5,258.5,0],"e":[841.5,698.75,0],"to":[-112.5,749.5,0],"ti":[0,0,0]},{"i":{"x":0.2,"y":1},"o":{"x":0.8,"y":0},"n":"0p2_1_0p8_0","t":39.528,"s":[841.5,698.75,0],"e":[327.825,180.847,0],"to":[-629.5,155.25,0],"ti":[0,0,0]},{"i":{"x":0.2,"y":1},"o":{"x":0.8,"y":0},"n":"0p2_1_0p8_0","t":72.862,"s":[327.825,180.847,0],"e":[248.5,258.5,0],"to":[50.1751861572266,165.152816772461,0],"ti":[0,0,0]},{"t":106.1953125}],"ix":2,"x":"var $bm_rt;\nif (time <= key(1).time)\n    $bm_rt = loopIn('cycle');\nelse\n    $bm_rt = loopOut('cycle');"},"a":{"a":0,"k":[-316.5,-267.5,0],"ix":1},"s":{"a":0,"k":[100,100,100],"ix":6}},"ao":0,"ef":[{"ty":5,"nm":"Echo","np":7,"mn":"ADBE Echo","ix":1,"en":1,"ef":[{"ty":0,"nm":"Echo Time (seconds)","mn":"ADBE Echo-0001","ix":1,"v":{"a":0,"k":-0.05,"ix":1}},{"ty":0,"nm":"Number Of Echoes","mn":"ADBE Echo-0002","ix":2,"v":{"a":0,"k":1,"ix":2}},{"ty":0,"nm":"Starting Intensity","mn":"ADBE Echo-0003","ix":3,"v":{"a":0,"k":1,"ix":3}},{"ty":0,"nm":"Decay","mn":"ADBE Echo-0004","ix":4,"v":{"a":0,"k":1,"ix":4}},{"ty":7,"nm":"Echo Operator","mn":"ADBE Echo-0005","ix":5,"v":{"a":0,"k":5,"ix":5}}]}],"shapes":[{"ty":"gr","it":[{"ind":0,"ty":"sh","ix":1,"ks":{"a":0,"k":{"i":[[0,0],[0,0],[0,0],[0,0]],"o":[[0,0],[0,0],[0,0],[0,0]],"v":[[-259,-234],[-374,-234],[-374,-301],[-259,-301]],"c":true},"ix":2},"nm":"Path 1","mn":"ADBE Vector Shape - Group","hd":false},{"ty":"fl","c":{"a":0,"k":[0,0.760784327984,0.623529434204,1],"ix":4},"o":{"a":0,"k":100,"ix":5},"r":1,"nm":"Fill 1","mn":"ADBE Vector Graphic - Fill","hd":false},{"ty":"tr","p":{"a":0,"k":[0,0],"ix":2},"a":{"a":0,"k":[0,0],"ix":1},"s":{"a":0,"k":[100,100],"ix":3},"r":{"a":0,"k":0,"ix":6},"o":{"a":0,"k":100,"ix":7},"sk":{"a":0,"k":0,"ix":4},"sa":{"a":0,"k":0,"ix":5},"nm":"Transform"}],"nm":"Group 1","np":2,"cix":2,"ix":1,"mn":"ADBE Vector Group","hd":false}],"ip":0,"op":101,"st":0,"bm":0},{"ddd":0,"ind":29,"ty":4,"nm":"shape - 29","sr":1,"ks":{"o":{"a":0,"k":90,"ix":11},"r":{"a":0,"k":0,"ix":10},"p":{"a":1,"k":[{"i":{"x":0.2,"y":1},"o":{"x":0.8,"y":0},"n":"0p2_1_0p8_0","t":5.869,"s":[107,117.75,0],"e":[575,425.75,0],"to":[-5,744.25,0],"ti":[0,0,0]},{"i":{"x":0.2,"y":1},"o":{"x":0.8,"y":0},"n":"0p2_1_0p8_0","t":39.202,"s":[575,425.75,0],"e":[836.023,960.25,0],"to":[-397,482.25,0],"ti":[0,0,0]},{"i":{"x":0.2,"y":1},"o":{"x":0.8,"y":0},"n":"0p2_1_0p8_0","t":72.536,"s":[836.023,960.25,0],"e":[107,117.75,0],"to":[359.976989746094,-1082.25,0],"ti":[0,0,0]},{"t":105.869140625}],"ix":2,"x":"var $bm_rt;\nif (time <= key(1).time)\n    $bm_rt = loopIn('cycle');\nelse\n    $bm_rt = loopOut('cycle');"},"a":{"a":0,"k":[-461,-454,0],"ix":1},"s":{"a":0,"k":[100,100,100],"ix":6}},"ao":0,"ef":[{"ty":5,"nm":"Echo","np":7,"mn":"ADBE Echo","ix":1,"en":1,"ef":[{"ty":0,"nm":"Echo Time (seconds)","mn":"ADBE Echo-0001","ix":1,"v":{"a":0,"k":-0.05,"ix":1}},{"ty":0,"nm":"Number Of Echoes","mn":"ADBE Echo-0002","ix":2,"v":{"a":0,"k":1,"ix":2}},{"ty":0,"nm":"Starting Intensity","mn":"ADBE Echo-0003","ix":3,"v":{"a":0,"k":1,"ix":3}},{"ty":0,"nm":"Decay","mn":"ADBE Echo-0004","ix":4,"v":{"a":0,"k":1,"ix":4}},{"ty":7,"nm":"Echo Operator","mn":"ADBE Echo-0005","ix":5,"v":{"a":0,"k":5,"ix":5}}]}],"shapes":[{"ty":"gr","it":[{"ind":0,"ty":"sh","ix":1,"ks":{"a":0,"k":{"i":[[0,0],[0,0],[0,0],[0,0]],"o":[[0,0],[0,0],[0,0],[0,0]],"v":[[-408,-390],[-514,-390],[-514,-518],[-408,-518]],"c":true},"ix":2},"nm":"Path 1","mn":"ADBE Vector Shape - Group","hd":false},{"ty":"fl","c":{"a":0,"k":[0.964705884457,0.298039227724,0.266666680574,1],"ix":4},"o":{"a":0,"k":100,"ix":5},"r":1,"nm":"Fill 1","mn":"ADBE Vector Graphic - Fill","hd":false},{"ty":"tr","p":{"a":0,"k":[0,0],"ix":2},"a":{"a":0,"k":[0,0],"ix":1},"s":{"a":0,"k":[100,100],"ix":3},"r":{"a":0,"k":0,"ix":6},"o":{"a":0,"k":100,"ix":7},"sk":{"a":0,"k":0,"ix":4},"sa":{"a":0,"k":0,"ix":5},"nm":"Transform"}],"nm":"Group 1","np":2,"cix":2,"ix":1,"mn":"ADBE Vector Group","hd":false}],"ip":0,"op":101,"st":0,"bm":0},{"ddd":0,"ind":30,"ty":4,"nm":"shape - 30","sr":1,"ks":{"o":{"a":0,"k":90,"ix":11},"r":{"a":0,"k":0,"ix":10},"p":{"a":1,"k":[{"i":{"x":0.2,"y":1},"o":{"x":0.8,"y":0},"n":"0p2_1_0p8_0","t":5.544,"s":[299.5,99.5,0],"e":[74.5,900.5,0],"to":[498.5,652.5,0],"ti":[0,0,0]},{"i":{"x":0.2,"y":1},"o":{"x":0.8,"y":0},"n":"0p2_1_0p8_0","t":38.877,"s":[74.5,900.5,0],"e":[962.687,975.034,0],"to":[377.5,-494.5,0],"ti":[0,0,0]},{"i":{"x":0.2,"y":1},"o":{"x":0.8,"y":0},"n":"0p2_1_0p8_0","t":72.211,"s":[962.687,975.034,0],"e":[299.5,99.5,0],"to":[-606.686706542969,-161.033889770508,0],"ti":[0,0,0]},{"t":105.5439453125}],"ix":2,"x":"var $bm_rt;\nif (time <= key(1).time)\n    $bm_rt = loopIn('cycle');\nelse\n    $bm_rt = loopOut('cycle');"},"a":{"a":0,"k":[-247.5,-444.5,0],"ix":1},"s":{"a":0,"k":[100,100,100],"ix":6}},"ao":0,"ef":[{"ty":5,"nm":"Echo","np":7,"mn":"ADBE Echo","ix":1,"en":1,"ef":[{"ty":0,"nm":"Echo Time (seconds)","mn":"ADBE Echo-0001","ix":1,"v":{"a":0,"k":-0.05,"ix":1}},{"ty":0,"nm":"Number Of Echoes","mn":"ADBE Echo-0002","ix":2,"v":{"a":0,"k":1,"ix":2}},{"ty":0,"nm":"Starting Intensity","mn":"ADBE Echo-0003","ix":3,"v":{"a":0,"k":1,"ix":3}},{"ty":0,"nm":"Decay","mn":"ADBE Echo-0004","ix":4,"v":{"a":0,"k":1,"ix":4}},{"ty":7,"nm":"Echo Operator","mn":"ADBE Echo-0005","ix":5,"v":{"a":0,"k":5,"ix":5}}]}],"shapes":[{"ty":"gr","it":[{"ind":0,"ty":"sh","ix":1,"ks":{"a":0,"k":{"i":[[0,0],[0,0],[0,0],[0,0]],"o":[[0,0],[0,0],[0,0],[0,0]],"v":[[-268,-414],[-227,-414],[-227,-475],[-268,-475]],"c":true},"ix":2},"nm":"Path 1","mn":"ADBE Vector Shape - Group","hd":false},{"ty":"fl","c":{"a":0,"k":[0.941176474094,0.486274510622,0.521568655968,1],"ix":4},"o":{"a":0,"k":100,"ix":5},"r":1,"nm":"Fill 1","mn":"ADBE Vector Graphic - Fill","hd":false},{"ty":"tr","p":{"a":0,"k":[0,0],"ix":2},"a":{"a":0,"k":[0,0],"ix":1},"s":{"a":0,"k":[100,100],"ix":3},"r":{"a":0,"k":0,"ix":6},"o":{"a":0,"k":100,"ix":7},"sk":{"a":0,"k":0,"ix":4},"sa":{"a":0,"k":0,"ix":5},"nm":"Transform"}],"nm":"Group 1","np":2,"cix":2,"ix":1,"mn":"ADBE Vector Group","hd":false}],"ip":0,"op":101,"st":0,"bm":0},{"ddd":0,"ind":31,"ty":4,"nm":"shape - 31","sr":1,"ks":{"o":{"a":0,"k":90,"ix":11},"r":{"a":0,"k":0,"ix":10},"p":{"a":1,"k":[{"i":{"x":0.2,"y":1},"o":{"x":0.8,"y":0},"n":"0p2_1_0p8_0","t":5.218,"s":[597.5,143.5,0],"e":[226.5,1005.75,0],"to":[538.5,820.5,0],"ti":[0,0,0]},{"i":{"x":0.2,"y":1},"o":{"x":0.8,"y":0},"n":"0p2_1_0p8_0","t":38.551,"s":[226.5,1005.75,0],"e":[191.245,892.502,0],"to":[71.5,-129.75,0],"ti":[0,0,0]},{"i":{"x":0.2,"y":1},"o":{"x":0.8,"y":0},"n":"0p2_1_0p8_0","t":71.885,"s":[191.245,892.502,0],"e":[597.5,143.5,0],"to":[750.754638671875,-72.5019073486328,0],"ti":[0,0,0]},{"t":105.2177734375}],"ix":2,"x":"var $bm_rt;\nif (time <= key(1).time)\n    $bm_rt = loopIn('cycle');\nelse\n    $bm_rt = loopOut('cycle');"},"a":{"a":0,"k":[46.5,-393.5,0],"ix":1},"s":{"a":0,"k":[136,100,100],"ix":6}},"ao":0,"ef":[{"ty":5,"nm":"Echo","np":7,"mn":"ADBE Echo","ix":1,"en":1,"ef":[{"ty":0,"nm":"Echo Time (seconds)","mn":"ADBE Echo-0001","ix":1,"v":{"a":0,"k":-0.05,"ix":1}},{"ty":0,"nm":"Number Of Echoes","mn":"ADBE Echo-0002","ix":2,"v":{"a":0,"k":1,"ix":2}},{"ty":0,"nm":"Starting Intensity","mn":"ADBE Echo-0003","ix":3,"v":{"a":0,"k":1,"ix":3}},{"ty":0,"nm":"Decay","mn":"ADBE Echo-0004","ix":4,"v":{"a":0,"k":1,"ix":4}},{"ty":7,"nm":"Echo Operator","mn":"ADBE Echo-0005","ix":5,"v":{"a":0,"k":5,"ix":5}}]}],"shapes":[{"ty":"gr","it":[{"ind":0,"ty":"sh","ix":1,"ks":{"a":0,"k":{"i":[[0,0],[0,0],[0,0],[0,0]],"o":[[0,0],[0,0],[0,0],[0,0]],"v":[[-24,-373],[117,-373],[117,-414],[-24,-414]],"c":true},"ix":2},"nm":"Path 1","mn":"ADBE Vector Shape - Group","hd":false},{"ty":"fl","c":{"a":0,"k":[0.964705884457,0.298039227724,0.266666680574,1],"ix":4},"o":{"a":0,"k":100,"ix":5},"r":1,"nm":"Fill 1","mn":"ADBE Vector Graphic - Fill","hd":false},{"ty":"tr","p":{"a":0,"k":[0,0],"ix":2},"a":{"a":0,"k":[0,0],"ix":1},"s":{"a":0,"k":[100,100],"ix":3},"r":{"a":0,"k":0,"ix":6},"o":{"a":0,"k":100,"ix":7},"sk":{"a":0,"k":0,"ix":4},"sa":{"a":0,"k":0,"ix":5},"nm":"Transform"}],"nm":"Group 1","np":2,"cix":2,"ix":1,"mn":"ADBE Vector Group","hd":false}],"ip":0,"op":101,"st":0,"bm":0},{"ddd":0,"ind":32,"ty":4,"nm":"shape - 32","sr":1,"ks":{"o":{"a":0,"k":90,"ix":11},"r":{"a":0,"k":0,"ix":10},"p":{"a":1,"k":[{"i":{"x":0.2,"y":1},"o":{"x":0.8,"y":0},"n":"0p2_1_0p8_0","t":4.892,"s":[909,419,0],"e":[170.6,143,0],"to":[-627,545,0],"ti":[0,0,0]},{"i":{"x":0.2,"y":1},"o":{"x":0.8,"y":0},"n":"0p2_1_0p8_0","t":38.225,"s":[170.6,143,0],"e":[71.6,593.23,0],"to":[455.399993896484,339,0],"ti":[0,0,0]},{"i":{"x":0.2,"y":1},"o":{"x":0.8,"y":0},"n":"0p2_1_0p8_0","t":71.559,"s":[71.6,593.23,0],"e":[909,419,0],"to":[288.399993896484,-453.230194091797,0],"ti":[0,0,0]},{"t":104.8916015625}],"ix":2,"x":"var $bm_rt;\nif (time <= key(1).time)\n    $bm_rt = loopIn('cycle');\nelse\n    $bm_rt = loopOut('cycle');"},"a":{"a":0,"k":[369,-137,0],"ix":1},"s":{"a":0,"k":[110,139,100],"ix":6}},"ao":0,"ef":[{"ty":5,"nm":"Echo","np":7,"mn":"ADBE Echo","ix":1,"en":1,"ef":[{"ty":0,"nm":"Echo Time (seconds)","mn":"ADBE Echo-0001","ix":1,"v":{"a":0,"k":-0.05,"ix":1}},{"ty":0,"nm":"Number Of Echoes","mn":"ADBE Echo-0002","ix":2,"v":{"a":0,"k":1,"ix":2}},{"ty":0,"nm":"Starting Intensity","mn":"ADBE Echo-0003","ix":3,"v":{"a":0,"k":1,"ix":3}},{"ty":0,"nm":"Decay","mn":"ADBE Echo-0004","ix":4,"v":{"a":0,"k":1,"ix":4}},{"ty":7,"nm":"Echo Operator","mn":"ADBE Echo-0005","ix":5,"v":{"a":0,"k":5,"ix":5}}]}],"shapes":[{"ty":"gr","it":[{"ind":0,"ty":"sh","ix":1,"ks":{"a":0,"k":{"i":[[0,0],[0,0],[0,0],[0,0]],"o":[[0,0],[0,0],[0,0],[0,0]],"v":[[385,-106],[353,-106],[353,-168],[385,-168]],"c":true},"ix":2},"nm":"Path 1","mn":"ADBE Vector Shape - Group","hd":false},{"ty":"fl","c":{"a":0,"k":[0.741176486015,0.68235296011,0.803921580315,1],"ix":4},"o":{"a":0,"k":100,"ix":5},"r":1,"nm":"Fill 1","mn":"ADBE Vector Graphic - Fill","hd":false},{"ty":"tr","p":{"a":0,"k":[0,0],"ix":2},"a":{"a":0,"k":[0,0],"ix":1},"s":{"a":0,"k":[100,100],"ix":3},"r":{"a":0,"k":0,"ix":6},"o":{"a":0,"k":100,"ix":7},"sk":{"a":0,"k":0,"ix":4},"sa":{"a":0,"k":0,"ix":5},"nm":"Transform"}],"nm":"Group 1","np":2,"cix":2,"ix":1,"mn":"ADBE Vector Group","hd":false}],"ip":0,"op":101,"st":0,"bm":0},{"ddd":0,"ind":33,"ty":4,"nm":"shape - 33","sr":1,"ks":{"o":{"a":0,"k":90,"ix":11},"r":{"a":0,"k":0,"ix":10},"p":{"a":1,"k":[{"i":{"x":0.2,"y":1},"o":{"x":0.8,"y":0},"n":"0p2_1_0p8_0","t":4.565,"s":[832.5,680.5,0],"e":[246.5,141.25,0],"to":[187.5,-616.5,0],"ti":[0,0,0]},{"i":{"x":0.2,"y":1},"o":{"x":0.8,"y":0},"n":"0p2_1_0p8_0","t":37.898,"s":[246.5,141.25,0],"e":[370.797,514.14,0],"to":[-266.5,278.75,0],"ti":[0,0,0]},{"i":{"x":0.2,"y":1},"o":{"x":0.8,"y":0},"n":"0p2_1_0p8_0","t":71.232,"s":[370.797,514.14,0],"e":[832.5,680.5,0],"to":[1.20332336425781,563.859985351563,0],"ti":[0,0,0]},{"t":104.5654296875}],"ix":2,"x":"var $bm_rt;\nif (time <= key(1).time)\n    $bm_rt = loopIn('cycle');\nelse\n    $bm_rt = loopOut('cycle');"},"a":{"a":0,"k":[316.5,144.5,0],"ix":1},"s":{"a":0,"k":[100,100,100],"ix":6}},"ao":0,"ef":[{"ty":5,"nm":"Echo","np":7,"mn":"ADBE Echo","ix":1,"en":1,"ef":[{"ty":0,"nm":"Echo Time (seconds)","mn":"ADBE Echo-0001","ix":1,"v":{"a":0,"k":-0.05,"ix":1}},{"ty":0,"nm":"Number Of Echoes","mn":"ADBE Echo-0002","ix":2,"v":{"a":0,"k":1,"ix":2}},{"ty":0,"nm":"Starting Intensity","mn":"ADBE Echo-0003","ix":3,"v":{"a":0,"k":1,"ix":3}},{"ty":0,"nm":"Decay","mn":"ADBE Echo-0004","ix":4,"v":{"a":0,"k":1,"ix":4}},{"ty":7,"nm":"Echo Operator","mn":"ADBE Echo-0005","ix":5,"v":{"a":0,"k":5,"ix":5}}]}],"shapes":[{"ty":"gr","it":[{"ind":0,"ty":"sh","ix":1,"ks":{"a":0,"k":{"i":[[0,0],[0,0],[0,0],[0,0]],"o":[[0,0],[0,0],[0,0],[0,0]],"v":[[333,172],[300,172],[300,117],[333,117]],"c":true},"ix":2},"nm":"Path 1","mn":"ADBE Vector Shape - Group","hd":false},{"ty":"fl","c":{"a":0,"k":[0.941176474094,0.486274510622,0.521568655968,1],"ix":4},"o":{"a":0,"k":100,"ix":5},"r":1,"nm":"Fill 1","mn":"ADBE Vector Graphic - Fill","hd":false},{"ty":"tr","p":{"a":0,"k":[0,0],"ix":2},"a":{"a":0,"k":[0,0],"ix":1},"s":{"a":0,"k":[100,100],"ix":3},"r":{"a":0,"k":0,"ix":6},"o":{"a":0,"k":100,"ix":7},"sk":{"a":0,"k":0,"ix":4},"sa":{"a":0,"k":0,"ix":5},"nm":"Transform"}],"nm":"Group 1","np":2,"cix":2,"ix":1,"mn":"ADBE Vector Group","hd":false}],"ip":0,"op":101,"st":0,"bm":0},{"ddd":0,"ind":34,"ty":4,"nm":"shape - 34","sr":1,"ks":{"o":{"a":0,"k":90,"ix":11},"r":{"a":0,"k":0,"ix":10},"p":{"a":1,"k":[{"i":{"x":0.2,"y":1},"o":{"x":0.8,"y":0},"n":"0p2_1_0p8_0","t":4.239,"s":[731,749.5,0],"e":[317,218.5,0],"to":[45,-507.5,0],"ti":[0,0,0]},{"i":{"x":0.2,"y":1},"o":{"x":0.8,"y":0},"n":"0p2_1_0p8_0","t":37.572,"s":[317,218.5,0],"e":[859,142.541,0],"to":[261,-272.5,0],"ti":[0,0,0]},{"i":{"x":0.2,"y":1},"o":{"x":0.8,"y":0},"n":"0p2_1_0p8_0","t":70.906,"s":[859,142.541,0],"e":[731,749.5,0],"to":[-571,303.459075927734,0],"ti":[0,0,0]},{"t":104.2392578125}],"ix":2,"x":"var $bm_rt;\nif (time <= key(1).time)\n    $bm_rt = loopIn('cycle');\nelse\n    $bm_rt = loopOut('cycle');"},"a":{"a":0,"k":[227,219.5,0],"ix":1},"s":{"a":0,"k":[100,100,100],"ix":6}},"ao":0,"ef":[{"ty":5,"nm":"Echo","np":7,"mn":"ADBE Echo","ix":1,"en":1,"ef":[{"ty":0,"nm":"Echo Time (seconds)","mn":"ADBE Echo-0001","ix":1,"v":{"a":0,"k":-0.05,"ix":1}},{"ty":0,"nm":"Number Of Echoes","mn":"ADBE Echo-0002","ix":2,"v":{"a":0,"k":1,"ix":2}},{"ty":0,"nm":"Starting Intensity","mn":"ADBE Echo-0003","ix":3,"v":{"a":0,"k":1,"ix":3}},{"ty":0,"nm":"Decay","mn":"ADBE Echo-0004","ix":4,"v":{"a":0,"k":1,"ix":4}},{"ty":7,"nm":"Echo Operator","mn":"ADBE Echo-0005","ix":5,"v":{"a":0,"k":5,"ix":5}}]}],"shapes":[{"ty":"gr","it":[{"ind":0,"ty":"sh","ix":1,"ks":{"a":0,"k":{"i":[[0,0],[0,0],[0,0],[0,0]],"o":[[0,0],[0,0],[0,0],[0,0]],"v":[[394,240],[60,240],[60,199],[394,199]],"c":true},"ix":2},"nm":"Path 1","mn":"ADBE Vector Shape - Group","hd":false},{"ty":"fl","c":{"a":0,"k":[0.560784339905,0.811764717102,0.760784327984,1],"ix":4},"o":{"a":0,"k":100,"ix":5},"r":1,"nm":"Fill 1","mn":"ADBE Vector Graphic - Fill","hd":false},{"ty":"tr","p":{"a":0,"k":[0,0],"ix":2},"a":{"a":0,"k":[0,0],"ix":1},"s":{"a":0,"k":[100,100],"ix":3},"r":{"a":0,"k":0,"ix":6},"o":{"a":0,"k":100,"ix":7},"sk":{"a":0,"k":0,"ix":4},"sa":{"a":0,"k":0,"ix":5},"nm":"Transform"}],"nm":"Group 1","np":2,"cix":2,"ix":1,"mn":"ADBE Vector Group","hd":false}],"ip":0,"op":101,"st":0,"bm":0},{"ddd":0,"ind":35,"ty":4,"nm":"shape - 35","sr":1,"ks":{"o":{"a":0,"k":90,"ix":11},"r":{"a":0,"k":0,"ix":10},"p":{"a":1,"k":[{"i":{"x":0.2,"y":1},"o":{"x":0.8,"y":0},"n":"0p2_1_0p8_0","t":3.913,"s":[219.5,700,0],"e":[937.5,741,0],"to":[450.5,-504,0],"ti":[0,0,0]},{"i":{"x":0.2,"y":1},"o":{"x":0.8,"y":0},"n":"0p2_1_0p8_0","t":37.246,"s":[937.5,741,0],"e":[422.884,344.632,0],"to":[124.5,-791,0],"ti":[0,0,0]},{"i":{"x":0.2,"y":1},"o":{"x":0.8,"y":0},"n":"0p2_1_0p8_0","t":70.58,"s":[422.884,344.632,0],"e":[219.5,700,0],"to":[-372.883605957031,-170.631713867188,0],"ti":[0,0,0]},{"t":103.9130859375}],"ix":2,"x":"var $bm_rt;\nif (time <= key(1).time)\n    $bm_rt = loopIn('cycle');\nelse\n    $bm_rt = loopOut('cycle');"},"a":{"a":0,"k":[-341.5,215,0],"ix":1},"s":{"a":0,"k":[100,100,100],"ix":6}},"ao":0,"ef":[{"ty":5,"nm":"Echo","np":7,"mn":"ADBE Echo","ix":1,"en":1,"ef":[{"ty":0,"nm":"Echo Time (seconds)","mn":"ADBE Echo-0001","ix":1,"v":{"a":0,"k":-0.05,"ix":1}},{"ty":0,"nm":"Number Of Echoes","mn":"ADBE Echo-0002","ix":2,"v":{"a":0,"k":1,"ix":2}},{"ty":0,"nm":"Starting Intensity","mn":"ADBE Echo-0003","ix":3,"v":{"a":0,"k":1,"ix":3}},{"ty":0,"nm":"Decay","mn":"ADBE Echo-0004","ix":4,"v":{"a":0,"k":1,"ix":4}},{"ty":7,"nm":"Echo Operator","mn":"ADBE Echo-0005","ix":5,"v":{"a":0,"k":5,"ix":5}}]}],"shapes":[{"ty":"gr","it":[{"ind":0,"ty":"sh","ix":1,"ks":{"a":0,"k":{"i":[[0,0],[0,0],[0,0],[0,0]],"o":[[0,0],[0,0],[0,0],[0,0]],"v":[[-318,410],[-365,410],[-365,20],[-318,20]],"c":true},"ix":2},"nm":"Path 1","mn":"ADBE Vector Shape - Group","hd":false},{"ty":"fl","c":{"a":0,"k":[0.196078434587,0.57647061348,0.741176486015,1],"ix":4},"o":{"a":0,"k":100,"ix":5},"r":1,"nm":"Fill 1","mn":"ADBE Vector Graphic - Fill","hd":false},{"ty":"tr","p":{"a":0,"k":[0,0],"ix":2},"a":{"a":0,"k":[0,0],"ix":1},"s":{"a":0,"k":[100,100],"ix":3},"r":{"a":0,"k":0,"ix":6},"o":{"a":0,"k":100,"ix":7},"sk":{"a":0,"k":0,"ix":4},"sa":{"a":0,"k":0,"ix":5},"nm":"Transform"}],"nm":"Group 1","np":2,"cix":2,"ix":1,"mn":"ADBE Vector Group","hd":false}],"ip":0,"op":101,"st":0,"bm":0},{"ddd":0,"ind":36,"ty":4,"nm":"shape - 36","sr":1,"ks":{"o":{"a":0,"k":90,"ix":11},"r":{"a":0,"k":0,"ix":10},"p":{"a":1,"k":[{"i":{"x":0.2,"y":1},"o":{"x":0.8,"y":0},"n":"0p2_1_0p8_0","t":3.587,"s":[545.5,82.25,0],"e":[274.5,878.25,0],"to":[560.5,697.75,0],"ti":[0,0,0]},{"i":{"x":0.2,"y":1},"o":{"x":0.8,"y":0},"n":"0p2_1_0p8_0","t":36.92,"s":[274.5,878.25,0],"e":[857.5,82.25,0],"to":[-276.5,-596.25,0],"ti":[0,0,0]},{"i":{"x":0.2,"y":1},"o":{"x":0.8,"y":0},"n":"0p2_1_0p8_0","t":70.254,"s":[857.5,82.25,0],"e":[545.5,82.25,0],"to":[-179.5,237.75,0],"ti":[0,0,0]},{"t":103.5869140625}],"ix":2,"x":"var $bm_rt;\nif (time <= key(1).time)\n    $bm_rt = loopIn('cycle');\nelse\n    $bm_rt = loopOut('cycle');"},"a":{"a":0,"k":[8.5,-483.5,0],"ix":1},"s":{"a":0,"k":[100,100,100],"ix":6}},"ao":0,"ef":[{"ty":5,"nm":"Echo","np":7,"mn":"ADBE Echo","ix":1,"en":1,"ef":[{"ty":0,"nm":"Echo Time (seconds)","mn":"ADBE Echo-0001","ix":1,"v":{"a":0,"k":-0.05,"ix":1}},{"ty":0,"nm":"Number Of Echoes","mn":"ADBE Echo-0002","ix":2,"v":{"a":0,"k":1,"ix":2}},{"ty":0,"nm":"Starting Intensity","mn":"ADBE Echo-0003","ix":3,"v":{"a":0,"k":1,"ix":3}},{"ty":0,"nm":"Decay","mn":"ADBE Echo-0004","ix":4,"v":{"a":0,"k":1,"ix":4}},{"ty":7,"nm":"Echo Operator","mn":"ADBE Echo-0005","ix":5,"v":{"a":0,"k":5,"ix":5}}]}],"shapes":[{"ty":"gr","it":[{"ind":0,"ty":"sh","ix":1,"ks":{"a":0,"k":{"i":[[0,0],[0,0],[0,0],[0,0]],"o":[[0,0],[0,0],[0,0],[0,0]],"v":[[177,-455],[-160,-455],[-160,-512],[177,-512]],"c":true},"ix":2},"nm":"Path 1","mn":"ADBE Vector Shape - Group","hd":false},{"ty":"fl","c":{"a":0,"k":[0.196078434587,0.57647061348,0.741176486015,1],"ix":4},"o":{"a":0,"k":100,"ix":5},"r":1,"nm":"Fill 1","mn":"ADBE Vector Graphic - Fill","hd":false},{"ty":"tr","p":{"a":0,"k":[0,0],"ix":2},"a":{"a":0,"k":[0,0],"ix":1},"s":{"a":0,"k":[100,100],"ix":3},"r":{"a":0,"k":0,"ix":6},"o":{"a":0,"k":100,"ix":7},"sk":{"a":0,"k":0,"ix":4},"sa":{"a":0,"k":0,"ix":5},"nm":"Transform"}],"nm":"Group 1","np":2,"cix":2,"ix":1,"mn":"ADBE Vector Group","hd":false}],"ip":0,"op":101,"st":0,"bm":0},{"ddd":0,"ind":37,"ty":4,"nm":"shape - 37","sr":1,"ks":{"o":{"a":0,"k":90,"ix":11},"r":{"a":0,"k":0,"ix":10},"p":{"a":1,"k":[{"i":{"x":0.2,"y":1},"o":{"x":0.8,"y":0},"n":"0p2_1_0p8_0","t":3.261,"s":[256,187,0],"e":[369,1000,0],"to":[692,435,0],"ti":[0,0,0]},{"i":{"x":0.2,"y":1},"o":{"x":0.8,"y":0},"n":"0p2_1_0p8_0","t":36.594,"s":[369,1000,0],"e":[451.857,1000,0],"to":[89,-156,0],"ti":[0,0,0]},{"i":{"x":0.2,"y":1},"o":{"x":0.8,"y":0},"n":"0p2_1_0p8_0","t":69.928,"s":[451.857,1000,0],"e":[256,187,0],"to":[436.143218994141,-364,0],"ti":[0,0,0]},{"t":103.2607421875}],"ix":2,"x":"var $bm_rt;\nif (time <= key(1).time)\n    $bm_rt = loopIn('cycle');\nelse\n    $bm_rt = loopOut('cycle');"},"a":{"a":0,"k":[-303,-361,0],"ix":1},"s":{"a":0,"k":[75,75,100],"ix":6}},"ao":0,"ef":[{"ty":5,"nm":"Echo","np":7,"mn":"ADBE Echo","ix":1,"en":1,"ef":[{"ty":0,"nm":"Echo Time (seconds)","mn":"ADBE Echo-0001","ix":1,"v":{"a":0,"k":-0.05,"ix":1}},{"ty":0,"nm":"Number Of Echoes","mn":"ADBE Echo-0002","ix":2,"v":{"a":0,"k":1,"ix":2}},{"ty":0,"nm":"Starting Intensity","mn":"ADBE Echo-0003","ix":3,"v":{"a":0,"k":1,"ix":3}},{"ty":0,"nm":"Decay","mn":"ADBE Echo-0004","ix":4,"v":{"a":0,"k":1,"ix":4}},{"ty":7,"nm":"Echo Operator","mn":"ADBE Echo-0005","ix":5,"v":{"a":0,"k":5,"ix":5}}]}],"shapes":[{"ty":"gr","it":[{"ind":0,"ty":"sh","ix":1,"ks":{"a":0,"k":{"i":[[0,0],[0,0],[0,0],[0,0]],"o":[[0,0],[0,0],[0,0],[0,0]],"v":[[-263,-326],[-343,-326],[-343,-396],[-263,-396]],"c":true},"ix":2},"nm":"Path 1","mn":"ADBE Vector Shape - Group","hd":false},{"ty":"fl","c":{"a":0,"k":[0.741176486015,0.68235296011,0.803921580315,1],"ix":4},"o":{"a":0,"k":100,"ix":5},"r":1,"nm":"Fill 1","mn":"ADBE Vector Graphic - Fill","hd":false},{"ty":"tr","p":{"a":0,"k":[0,0],"ix":2},"a":{"a":0,"k":[0,0],"ix":1},"s":{"a":0,"k":[100,100],"ix":3},"r":{"a":0,"k":0,"ix":6},"o":{"a":0,"k":100,"ix":7},"sk":{"a":0,"k":0,"ix":4},"sa":{"a":0,"k":0,"ix":5},"nm":"Transform"}],"nm":"Group 1","np":2,"cix":2,"ix":1,"mn":"ADBE Vector Group","hd":false}],"ip":0,"op":101,"st":0,"bm":0},{"ddd":0,"ind":38,"ty":4,"nm":"shape - 38","sr":1,"ks":{"o":{"a":0,"k":90,"ix":11},"r":{"a":0,"k":0,"ix":10},"p":{"a":1,"k":[{"i":{"x":0.2,"y":1},"o":{"x":0.8,"y":0},"n":"0p2_1_0p8_0","t":2.935,"s":[132,446,0],"e":[940,291.75,0],"to":[580,558,0],"ti":[0,0,0]},{"i":{"x":0.2,"y":1},"o":{"x":0.8,"y":0},"n":"0p2_1_0p8_0","t":36.268,"s":[940,291.75,0],"e":[983,691.575,0],"to":[-382,272.25,0],"ti":[0,0,0]},{"i":{"x":0.2,"y":1},"o":{"x":0.8,"y":0},"n":"0p2_1_0p8_0","t":69.602,"s":[983,691.575,0],"e":[132,446,0],"to":[-351,-767.574829101563,0],"ti":[0,0,0]},{"t":102.9345703125}],"ix":2,"x":"var $bm_rt;\nif (time <= key(1).time)\n    $bm_rt = loopIn('cycle');\nelse\n    $bm_rt = loopOut('cycle');"},"a":{"a":0,"k":[-430,-108,0],"ix":1},"s":{"a":0,"k":[100,100,100],"ix":6}},"ao":0,"ef":[{"ty":5,"nm":"Echo","np":7,"mn":"ADBE Echo","ix":1,"en":1,"ef":[{"ty":0,"nm":"Echo Time (seconds)","mn":"ADBE Echo-0001","ix":1,"v":{"a":0,"k":-0.05,"ix":1}},{"ty":0,"nm":"Number Of Echoes","mn":"ADBE Echo-0002","ix":2,"v":{"a":0,"k":1,"ix":2}},{"ty":0,"nm":"Starting Intensity","mn":"ADBE Echo-0003","ix":3,"v":{"a":0,"k":1,"ix":3}},{"ty":0,"nm":"Decay","mn":"ADBE Echo-0004","ix":4,"v":{"a":0,"k":1,"ix":4}},{"ty":7,"nm":"Echo Operator","mn":"ADBE Echo-0005","ix":5,"v":{"a":0,"k":5,"ix":5}}]}],"shapes":[{"ty":"gr","it":[{"ind":0,"ty":"sh","ix":1,"ks":{"a":0,"k":{"i":[[0,0],[0,0],[0,0],[0,0]],"o":[[0,0],[0,0],[0,0],[0,0]],"v":[[-387,130],[-473,130],[-473,-346],[-387,-346]],"c":true},"ix":2},"nm":"Path 1","mn":"ADBE Vector Shape - Group","hd":false},{"ty":"fl","c":{"a":0,"k":[0.988235294819,0.929411768913,0.35686275363,1],"ix":4},"o":{"a":0,"k":100,"ix":5},"r":1,"nm":"Fill 1","mn":"ADBE Vector Graphic - Fill","hd":false},{"ty":"tr","p":{"a":0,"k":[0,0],"ix":2},"a":{"a":0,"k":[0,0],"ix":1},"s":{"a":0,"k":[100,100],"ix":3},"r":{"a":0,"k":0,"ix":6},"o":{"a":0,"k":100,"ix":7},"sk":{"a":0,"k":0,"ix":4},"sa":{"a":0,"k":0,"ix":5},"nm":"Transform"}],"nm":"Group 1","np":2,"cix":2,"ix":1,"mn":"ADBE Vector Group","hd":false}],"ip":0,"op":101,"st":0,"bm":0},{"ddd":0,"ind":39,"ty":4,"nm":"shape - 39","sr":1,"ks":{"o":{"a":0,"k":90,"ix":11},"r":{"a":0,"k":0,"ix":10},"p":{"a":1,"k":[{"i":{"x":0.2,"y":1},"o":{"x":0.8,"y":0},"n":"0p2_1_0p8_0","t":2.608,"s":[895,565,0],"e":[620,748,0],"to":[149,425,0],"ti":[0,0,0]},{"i":{"x":0.2,"y":1},"o":{"x":0.8,"y":0},"n":"0p2_1_0p8_0","t":35.941,"s":[620,748,0],"e":[588.235,130.75,0],"to":[-516,-152,0],"ti":[0,0,0]},{"i":{"x":0.2,"y":1},"o":{"x":0.8,"y":0},"n":"0p2_1_0p8_0","t":69.275,"s":[588.235,130.75,0],"e":[895,565,0],"to":[-334.235290527344,531.25,0],"ti":[0,0,0]},{"t":102.6083984375}],"ix":2,"x":"var $bm_rt;\nif (time <= key(1).time)\n    $bm_rt = loopIn('cycle');\nelse\n    $bm_rt = loopOut('cycle');"},"a":{"a":0,"k":[355,25,0],"ix":1},"s":{"a":0,"k":[100,100,100],"ix":6}},"ao":0,"ef":[{"ty":5,"nm":"Echo","np":7,"mn":"ADBE Echo","ix":1,"en":1,"ef":[{"ty":0,"nm":"Echo Time (seconds)","mn":"ADBE Echo-0001","ix":1,"v":{"a":0,"k":-0.05,"ix":1}},{"ty":0,"nm":"Number Of Echoes","mn":"ADBE Echo-0002","ix":2,"v":{"a":0,"k":1,"ix":2}},{"ty":0,"nm":"Starting Intensity","mn":"ADBE Echo-0003","ix":3,"v":{"a":0,"k":1,"ix":3}},{"ty":0,"nm":"Decay","mn":"ADBE Echo-0004","ix":4,"v":{"a":0,"k":1,"ix":4}},{"ty":7,"nm":"Echo Operator","mn":"ADBE Echo-0005","ix":5,"v":{"a":0,"k":5,"ix":5}}]}],"shapes":[{"ty":"gr","it":[{"ind":0,"ty":"sh","ix":1,"ks":{"a":0,"k":{"i":[[0,0],[0,0],[0,0],[0,0]],"o":[[0,0],[0,0],[0,0],[0,0]],"v":[[278,102],[432,102],[432,-52],[278,-52]],"c":true},"ix":2},"nm":"Path 1","mn":"ADBE Vector Shape - Group","hd":false},{"ty":"fl","c":{"a":0,"k":[0.980392158031,0.792156875134,0.003921568859,1],"ix":4},"o":{"a":0,"k":100,"ix":5},"r":1,"nm":"Fill 1","mn":"ADBE Vector Graphic - Fill","hd":false},{"ty":"tr","p":{"a":0,"k":[0,0],"ix":2},"a":{"a":0,"k":[0,0],"ix":1},"s":{"a":0,"k":[100,100],"ix":3},"r":{"a":0,"k":0,"ix":6},"o":{"a":0,"k":100,"ix":7},"sk":{"a":0,"k":0,"ix":4},"sa":{"a":0,"k":0,"ix":5},"nm":"Transform"}],"nm":"Group 1","np":2,"cix":2,"ix":1,"mn":"ADBE Vector Group","hd":false}],"ip":0,"op":101,"st":0,"bm":0},{"ddd":0,"ind":40,"ty":4,"nm":"shape - 40","sr":1,"ks":{"o":{"a":0,"k":90,"ix":11},"r":{"a":0,"k":0,"ix":10},"p":{"a":1,"k":[{"i":{"x":0.2,"y":1},"o":{"x":0.8,"y":0},"n":"0p2_1_0p8_0","t":2.282,"s":[930.5,203.5,0],"e":[802.5,837.5,0],"to":[-680.5,322.5,0],"ti":[0,0,0]},{"i":{"x":0.2,"y":1},"o":{"x":0.8,"y":0},"n":"0p2_1_0p8_0","t":35.615,"s":[802.5,837.5,0],"e":[149.5,434.226,0],"to":[-12.5,-693.5,0],"ti":[0,0,0]},{"i":{"x":0.2,"y":1},"o":{"x":0.8,"y":0},"n":"0p2_1_0p8_0","t":68.949,"s":[149.5,434.226,0],"e":[930.5,203.5,0],"to":[676.5,277.773681640625,0],"ti":[0,0,0]},{"t":102.2822265625}],"ix":2,"x":"var $bm_rt;\nif (time <= key(1).time)\n    $bm_rt = loopIn('cycle');\nelse\n    $bm_rt = loopOut('cycle');"},"a":{"a":0,"k":[414.5,-349.5,0],"ix":1},"s":{"a":0,"k":[100,100,100],"ix":6}},"ao":0,"ef":[{"ty":5,"nm":"Echo","np":7,"mn":"ADBE Echo","ix":1,"en":1,"ef":[{"ty":0,"nm":"Echo Time (seconds)","mn":"ADBE Echo-0001","ix":1,"v":{"a":0,"k":-0.05,"ix":1}},{"ty":0,"nm":"Number Of Echoes","mn":"ADBE Echo-0002","ix":2,"v":{"a":0,"k":1,"ix":2}},{"ty":0,"nm":"Starting Intensity","mn":"ADBE Echo-0003","ix":3,"v":{"a":0,"k":1,"ix":3}},{"ty":0,"nm":"Decay","mn":"ADBE Echo-0004","ix":4,"v":{"a":0,"k":1,"ix":4}},{"ty":7,"nm":"Echo Operator","mn":"ADBE Echo-0005","ix":5,"v":{"a":0,"k":5,"ix":5}}]}],"shapes":[{"ty":"gr","it":[{"ind":0,"ty":"sh","ix":1,"ks":{"a":0,"k":{"i":[[0,0],[0,0],[0,0],[0,0]],"o":[[0,0],[0,0],[0,0],[0,0]],"v":[[510,-254],[319,-254],[319,-445],[510,-445]],"c":true},"ix":2},"nm":"Path 1","mn":"ADBE Vector Shape - Group","hd":false},{"ty":"fl","c":{"a":0,"k":[0.470588237047,0.35686275363,0.654901981354,1],"ix":4},"o":{"a":0,"k":100,"ix":5},"r":1,"nm":"Fill 1","mn":"ADBE Vector Graphic - Fill","hd":false},{"ty":"tr","p":{"a":0,"k":[0,0],"ix":2},"a":{"a":0,"k":[0,0],"ix":1},"s":{"a":0,"k":[100,100],"ix":3},"r":{"a":0,"k":0,"ix":6},"o":{"a":0,"k":100,"ix":7},"sk":{"a":0,"k":0,"ix":4},"sa":{"a":0,"k":0,"ix":5},"nm":"Transform"}],"nm":"Group 1","np":2,"cix":2,"ix":1,"mn":"ADBE Vector Group","hd":false}],"ip":0,"op":101,"st":0,"bm":0},{"ddd":0,"ind":41,"ty":4,"nm":"shape - 41","sr":1,"ks":{"o":{"a":0,"k":90,"ix":11},"r":{"a":0,"k":0,"ix":10},"p":{"a":1,"k":[{"i":{"x":0.2,"y":1},"o":{"x":0.8,"y":0},"n":"0p2_1_0p8_0","t":1.956,"s":[404,226,0],"e":[574,944.25,0],"to":[540,126,0],"ti":[0,0,0]},{"i":{"x":0.2,"y":1},"o":{"x":0.8,"y":0},"n":"0p2_1_0p8_0","t":35.289,"s":[574,944.25,0],"e":[578.143,837.907,0],"to":[218,-52.25,0],"ti":[0,0,0]},{"i":{"x":0.2,"y":1},"o":{"x":0.8,"y":0},"n":"0p2_1_0p8_0","t":68.623,"s":[578.143,837.907,0],"e":[404,226,0],"to":[-616.143188476563,54.0926971435547,0],"ti":[0,0,0]},{"t":101.9560546875}],"ix":2,"x":"var $bm_rt;\nif (time <= key(1).time)\n    $bm_rt = loopIn('cycle');\nelse\n    $bm_rt = loopOut('cycle');"},"a":{"a":0,"k":[-136,-314,0],"ix":1},"s":{"a":0,"k":[100,100,100],"ix":6}},"ao":0,"ef":[{"ty":5,"nm":"Echo","np":7,"mn":"ADBE Echo","ix":1,"en":1,"ef":[{"ty":0,"nm":"Echo Time (seconds)","mn":"ADBE Echo-0001","ix":1,"v":{"a":0,"k":-0.05,"ix":1}},{"ty":0,"nm":"Number Of Echoes","mn":"ADBE Echo-0002","ix":2,"v":{"a":0,"k":1,"ix":2}},{"ty":0,"nm":"Starting Intensity","mn":"ADBE Echo-0003","ix":3,"v":{"a":0,"k":1,"ix":3}},{"ty":0,"nm":"Decay","mn":"ADBE Echo-0004","ix":4,"v":{"a":0,"k":1,"ix":4}},{"ty":7,"nm":"Echo Operator","mn":"ADBE Echo-0005","ix":5,"v":{"a":0,"k":5,"ix":5}}]}],"shapes":[{"ty":"gr","it":[{"ind":0,"ty":"sh","ix":1,"ks":{"a":0,"k":{"i":[[0,0],[0,0],[0,0],[0,0]],"o":[[0,0],[0,0],[0,0],[0,0]],"v":[[-54,-232],[-218,-232],[-218,-396],[-54,-396]],"c":true},"ix":2},"nm":"Path 1","mn":"ADBE Vector Shape - Group","hd":false},{"ty":"fl","c":{"a":0,"k":[0.984313726425,0.721568644047,0.75686275959,1],"ix":4},"o":{"a":0,"k":100,"ix":5},"r":1,"nm":"Fill 1","mn":"ADBE Vector Graphic - Fill","hd":false},{"ty":"tr","p":{"a":0,"k":[0,0],"ix":2},"a":{"a":0,"k":[0,0],"ix":1},"s":{"a":0,"k":[100,100],"ix":3},"r":{"a":0,"k":0,"ix":6},"o":{"a":0,"k":100,"ix":7},"sk":{"a":0,"k":0,"ix":4},"sa":{"a":0,"k":0,"ix":5},"nm":"Transform"}],"nm":"Group 1","np":2,"cix":2,"ix":1,"mn":"ADBE Vector Group","hd":false}],"ip":0,"op":101,"st":0,"bm":0},{"ddd":0,"ind":42,"ty":4,"nm":"shape - 42","sr":1,"ks":{"o":{"a":0,"k":90,"ix":11},"r":{"a":0,"k":0,"ix":10},"p":{"a":1,"k":[{"i":{"x":0.2,"y":1},"o":{"x":0.8,"y":0},"n":"0p2_1_0p8_0","t":1.631,"s":[805,395.5,0],"e":[588,264.5,0],"to":[107,-367.5,0],"ti":[0,0,0]},{"i":{"x":0.2,"y":1},"o":{"x":0.8,"y":0},"n":"0p2_1_0p8_0","t":34.964,"s":[588,264.5,0],"e":[126.721,757.543,0],"to":[298,533.5,0],"ti":[0,0,0]},{"i":{"x":0.2,"y":1},"o":{"x":0.8,"y":0},"n":"0p2_1_0p8_0","t":68.298,"s":[126.721,757.543,0],"e":[805,395.5,0],"to":[873.27880859375,276.456512451172,0],"ti":[0,0,0]},{"t":101.630859375}],"ix":2,"x":"var $bm_rt;\nif (time <= key(1).time)\n    $bm_rt = loopIn('cycle');\nelse\n    $bm_rt = loopOut('cycle');"},"a":{"a":0,"k":[265,-144.5,0],"ix":1},"s":{"a":0,"k":[100,100,100],"ix":6}},"ao":0,"ef":[{"ty":5,"nm":"Echo","np":7,"mn":"ADBE Echo","ix":1,"en":1,"ef":[{"ty":0,"nm":"Echo Time (seconds)","mn":"ADBE Echo-0001","ix":1,"v":{"a":0,"k":-0.05,"ix":1}},{"ty":0,"nm":"Number Of Echoes","mn":"ADBE Echo-0002","ix":2,"v":{"a":0,"k":1,"ix":2}},{"ty":0,"nm":"Starting Intensity","mn":"ADBE Echo-0003","ix":3,"v":{"a":0,"k":1,"ix":3}},{"ty":0,"nm":"Decay","mn":"ADBE Echo-0004","ix":4,"v":{"a":0,"k":1,"ix":4}},{"ty":7,"nm":"Echo Operator","mn":"ADBE Echo-0005","ix":5,"v":{"a":0,"k":5,"ix":5}}]}],"shapes":[{"ty":"gr","it":[{"ind":0,"ty":"sh","ix":1,"ks":{"a":0,"k":{"i":[[0,0],[0,0],[0,0],[0,0]],"o":[[0,0],[0,0],[0,0],[0,0]],"v":[[191,-63],[339,-63],[339,-226],[191,-226]],"c":true},"ix":2},"nm":"Path 1","mn":"ADBE Vector Shape - Group","hd":false},{"ty":"fl","c":{"a":0,"k":[0,0.760784327984,0.623529434204,1],"ix":4},"o":{"a":0,"k":100,"ix":5},"r":1,"nm":"Fill 1","mn":"ADBE Vector Graphic - Fill","hd":false},{"ty":"tr","p":{"a":0,"k":[0,0],"ix":2},"a":{"a":0,"k":[0,0],"ix":1},"s":{"a":0,"k":[100,100],"ix":3},"r":{"a":0,"k":0,"ix":6},"o":{"a":0,"k":100,"ix":7},"sk":{"a":0,"k":0,"ix":4},"sa":{"a":0,"k":0,"ix":5},"nm":"Transform"}],"nm":"Group 1","np":2,"cix":2,"ix":1,"mn":"ADBE Vector Group","hd":false}],"ip":0,"op":101,"st":0,"bm":0},{"ddd":0,"ind":43,"ty":4,"nm":"shape - 43","sr":1,"ks":{"o":{"a":0,"k":90,"ix":11},"r":{"a":0,"k":0,"ix":10},"p":{"a":1,"k":[{"i":{"x":0.2,"y":1},"o":{"x":0.8,"y":0},"n":"0p2_1_0p8_0","t":1.305,"s":[416,765.5,0],"e":[189,373.5,0],"to":[302,-425.5,0],"ti":[0,0,0]},{"i":{"x":0.2,"y":1},"o":{"x":0.8,"y":0},"n":"0p2_1_0p8_0","t":34.638,"s":[189,373.5,0],"e":[695.854,627.618,0],"to":[625,-403.5,0],"ti":[0,0,0]},{"i":{"x":0.2,"y":1},"o":{"x":0.8,"y":0},"n":"0p2_1_0p8_0","t":67.972,"s":[695.854,627.618,0],"e":[416,765.5,0],"to":[152.145782470703,426.382354736328,0],"ti":[0,0,0]},{"t":101.3046875}],"ix":2,"x":"var $bm_rt;\nif (time <= key(1).time)\n    $bm_rt = loopIn('cycle');\nelse\n    $bm_rt = loopOut('cycle');"},"a":{"a":0,"k":[-126,239.5,0],"ix":1},"s":{"a":0,"k":[100,100,100],"ix":6}},"ao":0,"ef":[{"ty":5,"nm":"Echo","np":7,"mn":"ADBE Echo","ix":1,"en":1,"ef":[{"ty":0,"nm":"Echo Time (seconds)","mn":"ADBE Echo-0001","ix":1,"v":{"a":0,"k":-0.05,"ix":1}},{"ty":0,"nm":"Number Of Echoes","mn":"ADBE Echo-0002","ix":2,"v":{"a":0,"k":1,"ix":2}},{"ty":0,"nm":"Starting Intensity","mn":"ADBE Echo-0003","ix":3,"v":{"a":0,"k":1,"ix":3}},{"ty":0,"nm":"Decay","mn":"ADBE Echo-0004","ix":4,"v":{"a":0,"k":1,"ix":4}},{"ty":7,"nm":"Echo Operator","mn":"ADBE Echo-0005","ix":5,"v":{"a":0,"k":5,"ix":5}}]}],"shapes":[{"ty":"gr","it":[{"ind":0,"ty":"sh","ix":1,"ks":{"a":0,"k":{"i":[[0,0],[0,0],[0,0],[0,0]],"o":[[0,0],[0,0],[0,0],[0,0]],"v":[[9,355],[-261,355],[-261,124],[9,124]],"c":true},"ix":2},"nm":"Path 1","mn":"ADBE Vector Shape - Group","hd":false},{"ty":"fl","c":{"a":0,"k":[0,0.760784327984,0.623529434204,1],"ix":4},"o":{"a":0,"k":100,"ix":5},"r":1,"nm":"Fill 1","mn":"ADBE Vector Graphic - Fill","hd":false},{"ty":"tr","p":{"a":0,"k":[0,0],"ix":2},"a":{"a":0,"k":[0,0],"ix":1},"s":{"a":0,"k":[100,100],"ix":3},"r":{"a":0,"k":0,"ix":6},"o":{"a":0,"k":100,"ix":7},"sk":{"a":0,"k":0,"ix":4},"sa":{"a":0,"k":0,"ix":5},"nm":"Transform"}],"nm":"Group 1","np":2,"cix":2,"ix":1,"mn":"ADBE Vector Group","hd":false}],"ip":0,"op":101,"st":0,"bm":0},{"ddd":0,"ind":44,"ty":4,"nm":"shape - 44","sr":1,"ks":{"o":{"a":0,"k":90,"ix":11},"r":{"a":0,"k":0,"ix":10},"p":{"a":1,"k":[{"i":{"x":0.2,"y":1},"o":{"x":0.8,"y":0},"n":"0p2_1_0p8_0","t":0.979,"s":[684.5,651,0],"e":[201.5,775,0],"to":[161.5,503,0],"ti":[0,0,0]},{"i":{"x":0.2,"y":1},"o":{"x":0.8,"y":0},"n":"0p2_1_0p8_0","t":34.312,"s":[201.5,775,0],"e":[874.083,241.905,0],"to":[-211.5,-957,0],"ti":[0,0,0]},{"i":{"x":0.2,"y":1},"o":{"x":0.8,"y":0},"n":"0p2_1_0p8_0","t":67.646,"s":[874.083,241.905,0],"e":[684.5,651,0],"to":[371.916870117188,420.094604492188,0],"ti":[0,0,0]},{"t":100.978515625}],"ix":2,"x":"var $bm_rt;\nif (time <= key(1).time)\n    $bm_rt = loopIn('cycle');\nelse\n    $bm_rt = loopOut('cycle');"},"a":{"a":0,"k":[144.5,111,0],"ix":1},"s":{"a":0,"k":[100,100,100],"ix":6}},"ao":0,"ef":[{"ty":5,"nm":"Echo","np":7,"mn":"ADBE Echo","ix":1,"en":1,"ef":[{"ty":0,"nm":"Echo Time (seconds)","mn":"ADBE Echo-0001","ix":1,"v":{"a":0,"k":-0.05,"ix":1}},{"ty":0,"nm":"Number Of Echoes","mn":"ADBE Echo-0002","ix":2,"v":{"a":0,"k":1,"ix":2}},{"ty":0,"nm":"Starting Intensity","mn":"ADBE Echo-0003","ix":3,"v":{"a":0,"k":1,"ix":3}},{"ty":0,"nm":"Decay","mn":"ADBE Echo-0004","ix":4,"v":{"a":0,"k":1,"ix":4}},{"ty":7,"nm":"Echo Operator","mn":"ADBE Echo-0005","ix":5,"v":{"a":0,"k":5,"ix":5}}]}],"shapes":[{"ty":"gr","it":[{"ind":0,"ty":"sh","ix":1,"ks":{"a":0,"k":{"i":[[0,0],[0,0],[0,0],[0,0]],"o":[[0,0],[0,0],[0,0],[0,0]],"v":[[24,44],[265,44],[265,178],[24,178]],"c":true},"ix":2},"nm":"Path 1","mn":"ADBE Vector Shape - Group","hd":false},{"ty":"fl","c":{"a":0,"k":[0.964705884457,0.298039227724,0.266666680574,1],"ix":4},"o":{"a":0,"k":100,"ix":5},"r":1,"nm":"Fill 1","mn":"ADBE Vector Graphic - Fill","hd":false},{"ty":"tr","p":{"a":0,"k":[0,0],"ix":2},"a":{"a":0,"k":[0,0],"ix":1},"s":{"a":0,"k":[100,100],"ix":3},"r":{"a":0,"k":0,"ix":6},"o":{"a":0,"k":100,"ix":7},"sk":{"a":0,"k":0,"ix":4},"sa":{"a":0,"k":0,"ix":5},"nm":"Transform"}],"nm":"Group 1","np":2,"cix":2,"ix":1,"mn":"ADBE Vector Group","hd":false}],"ip":0,"op":101,"st":0,"bm":0},{"ddd":0,"ind":45,"ty":4,"nm":"shape - 45","sr":1,"ks":{"o":{"a":0,"k":90,"ix":11},"r":{"a":0,"k":0,"ix":10},"p":{"a":1,"k":[{"i":{"x":0.2,"y":1},"o":{"x":0.8,"y":0},"n":"0p2_1_0p8_0","t":0.652,"s":[611.5,228.5,0],"e":[528.5,574.5,0],"to":[528.5,287.5,0],"ti":[0,0,0]},{"i":{"x":0.2,"y":1},"o":{"x":0.8,"y":0},"n":"0p2_1_0p8_0","t":33.985,"s":[528.5,574.5,0],"e":[166.5,976.75,0],"to":[583.5,477.5,0],"ti":[0,0,0]},{"i":{"x":0.2,"y":1},"o":{"x":0.8,"y":0},"n":"0p2_1_0p8_0","t":67.319,"s":[166.5,976.75,0],"e":[611.5,228.5,0],"to":[-290.5,-970.75,0],"ti":[0,0,0]},{"t":100.65234375}],"ix":2,"x":"var $bm_rt;\nif (time <= key(1).time)\n    $bm_rt = loopIn('cycle');\nelse\n    $bm_rt = loopOut('cycle');"},"a":{"a":0,"k":[71.5,-311.5,0],"ix":1},"s":{"a":0,"k":[100,100,100],"ix":6}},"ao":0,"ef":[{"ty":5,"nm":"Echo","np":7,"mn":"ADBE Echo","ix":1,"en":1,"ef":[{"ty":0,"nm":"Echo Time (seconds)","mn":"ADBE Echo-0001","ix":1,"v":{"a":0,"k":-0.05,"ix":1}},{"ty":0,"nm":"Number Of Echoes","mn":"ADBE Echo-0002","ix":2,"v":{"a":0,"k":1,"ix":2}},{"ty":0,"nm":"Starting Intensity","mn":"ADBE Echo-0003","ix":3,"v":{"a":0,"k":1,"ix":3}},{"ty":0,"nm":"Decay","mn":"ADBE Echo-0004","ix":4,"v":{"a":0,"k":1,"ix":4}},{"ty":7,"nm":"Echo Operator","mn":"ADBE Echo-0005","ix":5,"v":{"a":0,"k":5,"ix":5}}]}],"shapes":[{"ty":"gr","it":[{"ind":0,"ty":"sh","ix":1,"ks":{"a":0,"k":{"i":[[0,0],[0,0],[0,0],[0,0]],"o":[[0,0],[0,0],[0,0],[0,0]],"v":[[184,-262],[-41,-262],[-41,-361],[184,-361]],"c":true},"ix":2},"nm":"Path 1","mn":"ADBE Vector Shape - Group","hd":false},{"ty":"fl","c":{"a":0,"k":[0.980392158031,0.792156875134,0.003921568859,1],"ix":4},"o":{"a":0,"k":100,"ix":5},"r":1,"nm":"Fill 1","mn":"ADBE Vector Graphic - Fill","hd":false},{"ty":"tr","p":{"a":0,"k":[0,0],"ix":2},"a":{"a":0,"k":[0,0],"ix":1},"s":{"a":0,"k":[100,100],"ix":3},"r":{"a":0,"k":0,"ix":6},"o":{"a":0,"k":100,"ix":7},"sk":{"a":0,"k":0,"ix":4},"sa":{"a":0,"k":0,"ix":5},"nm":"Transform"}],"nm":"Group 1","np":2,"cix":2,"ix":1,"mn":"ADBE Vector Group","hd":false}],"ip":0,"op":101,"st":0,"bm":0},{"ddd":0,"ind":46,"ty":4,"nm":"shape - 46","sr":1,"ks":{"o":{"a":0,"k":90,"ix":11},"r":{"a":0,"k":0,"ix":10},"p":{"a":1,"k":[{"i":{"x":0.2,"y":1},"o":{"x":0.8,"y":0},"n":"0p2_1_0p8_0","t":0.326,"s":[383.5,476.5,0],"e":[772.5,506.5,0],"to":[186.5,-286.5,0],"ti":[0,0,0]},{"i":{"x":0.2,"y":1},"o":{"x":0.8,"y":0},"n":"0p2_1_0p8_0","t":33.659,"s":[772.5,506.5,0],"e":[331.937,708.137,0],"to":[-542.5,-350.5,0],"ti":[0,0,0]},{"i":{"x":0.2,"y":1},"o":{"x":0.8,"y":0},"n":"0p2_1_0p8_0","t":66.993,"s":[331.937,708.137,0],"e":[383.5,476.5,0],"to":[-347.937316894531,-350.136840820313,0],"ti":[0,0,0]},{"t":100.326171875}],"ix":2,"x":"var $bm_rt;\nif (time <= key(1).time)\n    $bm_rt = loopIn('cycle');\nelse\n    $bm_rt = loopOut('cycle');"},"a":{"a":0,"k":[-169.5,-59.5,0],"ix":1},"s":{"a":0,"k":[100,107,100],"ix":6}},"ao":0,"ef":[{"ty":5,"nm":"Echo","np":7,"mn":"ADBE Echo","ix":1,"en":1,"ef":[{"ty":0,"nm":"Echo Time (seconds)","mn":"ADBE Echo-0001","ix":1,"v":{"a":0,"k":-0.05,"ix":1}},{"ty":0,"nm":"Number Of Echoes","mn":"ADBE Echo-0002","ix":2,"v":{"a":0,"k":1,"ix":2}},{"ty":0,"nm":"Starting Intensity","mn":"ADBE Echo-0003","ix":3,"v":{"a":0,"k":1,"ix":3}},{"ty":0,"nm":"Decay","mn":"ADBE Echo-0004","ix":4,"v":{"a":0,"k":1,"ix":4}},{"ty":7,"nm":"Echo Operator","mn":"ADBE Echo-0005","ix":5,"v":{"a":0,"k":5,"ix":5}}]}],"shapes":[{"ty":"gr","it":[{"ind":0,"ty":"sh","ix":1,"ks":{"a":0,"k":{"i":[[0,0],[0,0],[0,0],[0,0]],"o":[[0,0],[0,0],[0,0],[0,0]],"v":[[-55,83],[-284,83],[-284,-202],[-55,-202]],"c":true},"ix":2},"nm":"Path 1","mn":"ADBE Vector Shape - Group","hd":false},{"ty":"fl","c":{"a":0,"k":[0.560784339905,0.811764717102,0.760784327984,1],"ix":4},"o":{"a":0,"k":100,"ix":5},"r":1,"nm":"Fill 1","mn":"ADBE Vector Graphic - Fill","hd":false},{"ty":"tr","p":{"a":0,"k":[0,0],"ix":2},"a":{"a":0,"k":[0,0],"ix":1},"s":{"a":0,"k":[100,100],"ix":3},"r":{"a":0,"k":0,"ix":6},"o":{"a":0,"k":100,"ix":7},"sk":{"a":0,"k":0,"ix":4},"sa":{"a":0,"k":0,"ix":5},"nm":"Transform"}],"nm":"Group 1","np":2,"cix":2,"ix":1,"mn":"ADBE Vector Group","hd":false}],"ip":0,"op":101,"st":0,"bm":0},{"ddd":0,"ind":47,"ty":4,"nm":"shape - 47","sr":1,"ks":{"o":{"a":0,"k":90,"ix":11},"r":{"a":0,"k":0,"ix":10},"p":{"a":1,"k":[{"i":{"x":0.2,"y":1},"o":{"x":0.8,"y":0},"n":"0p2_1_0p8_0","t":0,"s":[615,431,0],"e":[779,190.75,0],"to":[407,345,0],"ti":[0,0,0]},{"i":{"x":0.2,"y":1},"o":{"x":0.8,"y":0},"n":"0p2_1_0p8_0","t":33.333,"s":[779,190.75,0],"e":[157,190.75,0],"to":[-341,747.25,0],"ti":[0,0,0]},{"i":{"x":0.2,"y":1},"o":{"x":0.8,"y":0},"n":"0p2_1_0p8_0","t":66.667,"s":[157,190.75,0],"e":[615,431,0],"to":[-79,837.25,0],"ti":[0,0,0]},{"t":100}],"ix":2,"x":"var $bm_rt;\nif (time <= key(1).time)\n    $bm_rt = loopIn('cycle');\nelse\n    $bm_rt = loopOut('cycle');"},"a":{"a":0,"k":[75,-109,0],"ix":1},"s":{"a":0,"k":[100,100,100],"ix":6}},"ao":0,"ef":[{"ty":5,"nm":"Echo","np":7,"mn":"ADBE Echo","ix":1,"en":1,"ef":[{"ty":0,"nm":"Echo Time (seconds)","mn":"ADBE Echo-0001","ix":1,"v":{"a":0,"k":-0.05,"ix":1}},{"ty":0,"nm":"Number Of Echoes","mn":"ADBE Echo-0002","ix":2,"v":{"a":0,"k":1,"ix":2}},{"ty":0,"nm":"Starting Intensity","mn":"ADBE Echo-0003","ix":3,"v":{"a":0,"k":1,"ix":3}},{"ty":0,"nm":"Decay","mn":"ADBE Echo-0004","ix":4,"v":{"a":0,"k":1,"ix":4}},{"ty":7,"nm":"Echo Operator","mn":"ADBE Echo-0005","ix":5,"v":{"a":0,"k":5,"ix":5}}]}],"shapes":[{"ty":"gr","it":[{"ind":0,"ty":"sh","ix":1,"ks":{"a":0,"k":{"i":[[0,0],[0,0],[0,0],[0,0]],"o":[[0,0],[0,0],[0,0],[0,0]],"v":[[178,28],[-28,28],[-28,-246],[178,-246]],"c":true},"ix":2},"nm":"Path 1","mn":"ADBE Vector Shape - Group","hd":false},{"ty":"fl","c":{"a":0,"k":[0.741176486015,0.803921580315,0.847058832645,1],"ix":4},"o":{"a":0,"k":100,"ix":5},"r":1,"nm":"Fill 1","mn":"ADBE Vector Graphic - Fill","hd":false},{"ty":"tr","p":{"a":0,"k":[0,0],"ix":2},"a":{"a":0,"k":[0,0],"ix":1},"s":{"a":0,"k":[100,100],"ix":3},"r":{"a":0,"k":0,"ix":6},"o":{"a":0,"k":100,"ix":7},"sk":{"a":0,"k":0,"ix":4},"sa":{"a":0,"k":0,"ix":5},"nm":"Transform"}],"nm":"Group 1","np":2,"cix":2,"ix":1,"mn":"ADBE Vector Group","hd":false}],"ip":0,"op":101,"st":0,"bm":0}]}