{"v":"5.6.1","fr":18,"ip":0,"op":750,"w":1080,"h":2280,"nm":"img_0_1","ddd":0,"assets":[{"id":"image_0","w":1080,"h":2280,"u":"images/","p":"img_0.jpg","e":0},{"id":"image_1","w":1080,"h":2244,"u":"images/","p":"img_1.jpg","e":0},{"id":"image_2","w":1080,"h":2244,"u":"images/","p":"img_2.jpg","e":0},{"id":"image_3","w":960,"h":1706,"u":"images/","p":"img_3.jpg","e":0},{"id":"image_4","w":700,"h":1244,"u":"images/","p":"img_4.jpg","e":0},{"id":"image_5","w":1044,"h":1716,"u":"images/","p":"img_5.jpg","e":0},{"id":"image_6","w":700,"h":1245,"u":"images/","p":"img_6.jpg","e":0},{"id":"image_7","w":1080,"h":1920,"u":"images/","p":"img_7.jpg","e":0},{"id":"image_8","w":1080,"h":1920,"u":"images/","p":"img_8.jpg","e":0}],"layers":[{"ddd":0,"ind":1,"ty":2,"nm":"img_0_1.png","cl":"png","refId":"image_0","sr":1,"ks":{"o":{"a":1,"k":[{"i":{"x":[0.833],"y":[0.833]},"o":{"x":[0.167],"y":[0.167]},"t":54,"s":[100]},{"t":72,"s":[0]}],"ix":11},"r":{"a":0,"k":0,"ix":10},"p":{"a":0,"k":[540.5,960,0],"ix":2},"a":{"a":0,"k":[540.5,960,0],"ix":1},"s":{"a":1,"k":[{"i":{"x":[0.833,0.833,0.833],"y":[0.833,0.833,0.833]},"o":{"x":[0.167,0.167,0.167],"y":[0.167,0.167,0.167]},"t":0,"s":[130,130,100]},{"t":71,"s":[100,100,100]}],"ix":6}},"ao":0,"ip":0,"op":72,"st":0,"bm":0},{"ddd":0,"ind":2,"ty":2,"nm":"img_1_2.png","cl":"png","refId":"image_1","sr":1,"ks":{"o":{"a":1,"k":[{"i":{"x":[0.833],"y":[0.833]},"o":{"x":[0.167],"y":[0.167]},"t":108,"s":[100]},{"t":126,"s":[0]}],"ix":11},"r":{"a":0,"k":0,"ix":10},"p":{"a":0,"k":[540.5,960,0],"ix":2},"a":{"a":0,"k":[540.5,960,0],"ix":1},"s":{"a":1,"k":[{"i":{"x":[0.833,0.833,0.833],"y":[0.833,0.833,0.833]},"o":{"x":[0.167,0.167,0.167],"y":[0.167,0.167,0.167]},"t":54,"s":[130,130,100]},{"t":125,"s":[100,100,100]}],"ix":6}},"ao":0,"ip":54,"op":126,"st":54,"bm":0},{"ddd":0,"ind":3,"ty":2,"nm":"img_10_11.png","cl":"png","refId":"image_2","sr":1,"ks":{"o":{"a":1,"k":[{"i":{"x":[0.833],"y":[0.833]},"o":{"x":[0.167],"y":[0.167]},"t":162,"s":[100]},{"t":180,"s":[0]}],"ix":11},"r":{"a":0,"k":0,"ix":10},"p":{"a":0,"k":[540.5,960,0],"ix":2},"a":{"a":0,"k":[540.5,960,0],"ix":1},"s":{"a":1,"k":[{"i":{"x":[0.833,0.833,0.833],"y":[0.833,0.833,0.833]},"o":{"x":[0.167,0.167,0.167],"y":[0.167,0.167,0.167]},"t":108,"s":[130,130,100]},{"t":179,"s":[100,100,100]}],"ix":6}},"ao":0,"ip":108,"op":180,"st":108,"bm":0},{"ddd":0,"ind":4,"ty":2,"nm":"img_2_3.png","cl":"png","refId":"image_3","sr":1,"ks":{"o":{"a":1,"k":[{"i":{"x":[0.833],"y":[0.833]},"o":{"x":[0.167],"y":[0.167]},"t":216,"s":[100]},{"t":234,"s":[0]}],"ix":11},"r":{"a":0,"k":0,"ix":10},"p":{"a":0,"k":[540.5,960,0],"ix":2},"a":{"a":0,"k":[540.5,960,0],"ix":1},"s":{"a":1,"k":[{"i":{"x":[0.833,0.833,0.833],"y":[0.833,0.833,0.833]},"o":{"x":[0.167,0.167,0.167],"y":[0.167,0.167,0.167]},"t":162,"s":[130,130,100]},{"t":233,"s":[100,100,100]}],"ix":6}},"ao":0,"ip":162,"op":234,"st":162,"bm":0},{"ddd":0,"ind":5,"ty":2,"nm":"img_3_4.png","cl":"png","refId":"image_4","sr":1,"ks":{"o":{"a":1,"k":[{"i":{"x":[0.833],"y":[0.833]},"o":{"x":[0.167],"y":[0.167]},"t":270,"s":[100]},{"t":288,"s":[0]}],"ix":11},"r":{"a":0,"k":0,"ix":10},"p":{"a":0,"k":[540.5,960,0],"ix":2},"a":{"a":0,"k":[540.5,960,0],"ix":1},"s":{"a":1,"k":[{"i":{"x":[0.833,0.833,0.833],"y":[0.833,0.833,0.833]},"o":{"x":[0.167,0.167,0.167],"y":[0.167,0.167,0.167]},"t":216,"s":[130,130,100]},{"t":287,"s":[100,100,100]}],"ix":6}},"ao":0,"ip":216,"op":288,"st":216,"bm":0},{"ddd":0,"ind":6,"ty":2,"nm":"img_4_5.png","cl":"png","refId":"image_5","sr":1,"ks":{"o":{"a":1,"k":[{"i":{"x":[0.833],"y":[0.833]},"o":{"x":[0.167],"y":[0.167]},"t":324,"s":[100]},{"t":342,"s":[0]}],"ix":11},"r":{"a":0,"k":0,"ix":10},"p":{"a":0,"k":[540.5,960,0],"ix":2},"a":{"a":0,"k":[540.5,960,0],"ix":1},"s":{"a":1,"k":[{"i":{"x":[0.833,0.833,0.833],"y":[0.833,0.833,0.833]},"o":{"x":[0.167,0.167,0.167],"y":[0.167,0.167,0.167]},"t":270,"s":[130,130,100]},{"t":341,"s":[100,100,100]}],"ix":6}},"ao":0,"ip":270,"op":342,"st":270,"bm":0},{"ddd":0,"ind":7,"ty":2,"nm":"img_5_6.png","cl":"png","refId":"image_6","sr":1,"ks":{"o":{"a":1,"k":[{"i":{"x":[0.833],"y":[0.833]},"o":{"x":[0.167],"y":[0.167]},"t":378,"s":[100]},{"t":396,"s":[0]}],"ix":11},"r":{"a":0,"k":0,"ix":10},"p":{"a":0,"k":[540.5,960,0],"ix":2},"a":{"a":0,"k":[540.5,960,0],"ix":1},"s":{"a":1,"k":[{"i":{"x":[0.833,0.833,0.833],"y":[0.833,0.833,0.833]},"o":{"x":[0.167,0.167,0.167],"y":[0.167,0.167,0.167]},"t":324,"s":[130,130,100]},{"t":395,"s":[100,100,100]}],"ix":6}},"ao":0,"ip":324,"op":396,"st":324,"bm":0},{"ddd":0,"ind":8,"ty":2,"nm":"img_6_7.png","cl":"png","refId":"image_7","sr":1,"ks":{"o":{"a":1,"k":[{"i":{"x":[0.833],"y":[0.833]},"o":{"x":[0.167],"y":[0.167]},"t":432,"s":[100]},{"t":450,"s":[0]}],"ix":11},"r":{"a":0,"k":0,"ix":10},"p":{"a":0,"k":[540.5,960,0],"ix":2},"a":{"a":0,"k":[540.5,960,0],"ix":1},"s":{"a":1,"k":[{"i":{"x":[0.833,0.833,0.833],"y":[0.833,0.833,0.833]},"o":{"x":[0.167,0.167,0.167],"y":[0.167,0.167,0.167]},"t":378,"s":[130,130,100]},{"t":449,"s":[100,100,100]}],"ix":6}},"ao":0,"ip":378,"op":450,"st":378,"bm":0},{"ddd":0,"ind":9,"ty":2,"nm":"img_9_10.png","cl":"png","refId":"image_8","sr":1,"ks":{"o":{"a":0,"k":100,"ix":11},"r":{"a":0,"k":0,"ix":10},"p":{"a":0,"k":[540.5,960,0],"ix":2},"a":{"a":0,"k":[540.5,960,0],"ix":1},"s":{"a":1,"k":[{"i":{"x":[0.833,0.833,0.833],"y":[0.833,0.833,0.833]},"o":{"x":[0.167,0.167,0.167],"y":[0.167,0.167,0.167]},"t":432,"s":[130,130,100]},{"t":503,"s":[100,100,100]}],"ix":6}},"ao":0,"ip":432,"op":504,"st":432,"bm":0}],"markers":[]}