{"v":"5.1.10","fr":3000,"ip":0,"op":200,"w":750,"h":1334,"nm":"合成 1","ddd":0,"assets":[{"id":"image_0","w":750,"h":1334,"u":"images/","p":"img_0.png"},{"id":"image_1","w":57,"h":46,"u":"images/","p":"img_1.png"},{"id":"image_2","w":41,"h":45,"u":"images/","p":"img_2.png"},{"id":"image_3","w":64,"h":65,"u":"images/","p":"img_3.png"},{"id":"image_4","w":46,"h":46,"u":"images/","p":"img_4.png"},{"id":"image_5","w":58,"h":58,"u":"images/","p":"img_5.png"},{"id":"image_6","w":115,"h":119,"u":"images/","p":"img_6.png"},{"id":"image_7","w":58,"h":78,"u":"images/","p":"img_7.png"},{"id":"image_8","w":107,"h":106,"u":"images/","p":"img_8.png"},{"id":"image_9","w":750,"h":1334,"u":"images/","p":"img_9.png"},{"id":"image_10","w":750,"h":1334,"u":"images/","p":"img_10.png"}],"layers":[{"ddd":0,"ind":1,"ty":2,"nm":" 滤镜.png","cl":"png","refId":"image_0","sr":1,"ks":{"o":{"a":0,"k":100,"ix":11},"r":{"a":0,"k":0,"ix":10},"p":{"a":0,"k":[375,667,0],"ix":2},"a":{"a":0,"k":[375,667,0],"ix":1},"s":{"a":0,"k":[100,100,100],"ix":6}},"ao":0,"ip":0,"op":180,"st":0,"bm":0},{"ddd":0,"ind":2,"ty":2,"nm":"花7.png","cl":"png","refId":"image_1","sr":1,"ks":{"o":{"a":0,"k":100,"ix":11},"r":{"a":1,"k":[{"i":{"x":[0.833],"y":[0.833]},"o":{"x":[0.167],"y":[0.167]},"n":["0p833_0p833_0p167_0p167"],"t":0,"s":[0],"e":[0]},{"i":{"x":[0.833],"y":[0.833]},"o":{"x":[0.167],"y":[0.167]},"n":["0p833_0p833_0p167_0p167"],"t":90,"s":[0],"e":[90]},{"i":{"x":[0.833],"y":[0.833]},"o":{"x":[0.167],"y":[0.167]},"n":["0p833_0p833_0p167_0p167"],"t":120,"s":[90],"e":[100]},{"i":{"x":[0.833],"y":[0.833]},"o":{"x":[0.167],"y":[0.167]},"n":["0p833_0p833_0p167_0p167"],"t":150,"s":[100],"e":[120]},{"t":178.7998046875}],"ix":10},"p":{"a":1,"k":[{"i":{"x":0.833,"y":0.833},"o":{"x":0.167,"y":0.167},"n":"0p833_0p833_0p167_0p167","t":0,"s":[115,-181,0],"e":[115,-181,0],"to":[0,0,0],"ti":[0,0,0]},{"i":{"x":0.833,"y":0.833},"o":{"x":0.167,"y":0.167},"n":"0p833_0p833_0p167_0p167","t":90,"s":[115,-181,0],"e":[153,131,0],"to":[17.3333339691162,61,0],"ti":[-5.83098697662354,-59.167366027832,0]},{"i":{"x":0.833,"y":0.833},"o":{"x":0.167,"y":0.167},"n":"0p833_0p833_0p167_0p167","t":120,"s":[153,131,0],"e":[179,449,0],"to":[11.3333330154419,115,0],"ti":[-11,-150.66667175293,0]},{"i":{"x":0.833,"y":0.833},"o":{"x":0.167,"y":0.167},"n":"0p833_0p833_0p167_0p167","t":150,"s":[179,449,0],"e":[219,1035,0],"to":[11,150.66667175293,0],"ti":[-6.66666650772095,-97.6666641235352,0]},{"t":178.7998046875}],"ix":2},"a":{"a":0,"k":[28.5,23,0],"ix":1},"s":{"a":0,"k":[71.93,71.93,100],"ix":6}},"ao":0,"ip":0,"op":180,"st":0,"bm":0},{"ddd":0,"ind":3,"ty":2,"nm":"花6.png","cl":"png","refId":"image_2","sr":1,"ks":{"o":{"a":0,"k":100,"ix":11},"r":{"a":1,"k":[{"i":{"x":[0.833],"y":[0.833]},"o":{"x":[0.167],"y":[0.167]},"n":["0p833_0p833_0p167_0p167"],"t":0,"s":[0],"e":[0]},{"i":{"x":[0.833],"y":[0.833]},"o":{"x":[0.167],"y":[0.167]},"n":["0p833_0p833_0p167_0p167"],"t":42,"s":[0],"e":[40]},{"i":{"x":[0.833],"y":[0.833]},"o":{"x":[0.167],"y":[0.167]},"n":["0p833_0p833_0p167_0p167"],"t":72,"s":[40],"e":[50]},{"i":{"x":[0.833],"y":[0.833]},"o":{"x":[0.167],"y":[0.167]},"n":["0p833_0p833_0p167_0p167"],"t":102,"s":[50],"e":[70]},{"i":{"x":[0.833],"y":[0.833]},"o":{"x":[0.167],"y":[0.167]},"n":["0p833_0p833_0p167_0p167"],"t":138,"s":[70],"e":[80]},{"t":168}],"ix":10},"p":{"a":1,"k":[{"i":{"x":0.833,"y":0.833},"o":{"x":0.167,"y":0.167},"n":"0p833_0p833_0p167_0p167","t":0,"s":[431,-179,0],"e":[431,-179,0],"to":[0,0,0],"ti":[0,0,0]},{"i":{"x":0.833,"y":0.833},"o":{"x":0.167,"y":0.167},"n":"0p833_0p833_0p167_0p167","t":42,"s":[431,-179,0],"e":[497,127,0],"to":[14.6666669845581,58.3333320617676,0],"ti":[-24.3333339691162,-119.333335876465,0]},{"i":{"x":0.833,"y":0.833},"o":{"x":0.167,"y":0.167},"n":"0p833_0p833_0p167_0p167","t":72,"s":[497,127,0],"e":[577,537,0],"to":[24.3333339691162,119.333335876465,0],"ti":[-13.6707706451416,-128.629516601562,0]},{"i":{"x":0.833,"y":0.833},"o":{"x":0.167,"y":0.167},"n":"0p833_0p833_0p167_0p167","t":102,"s":[577,537,0],"e":[609,895,0],"to":[14.6666669845581,138,0],"ti":[-7.42279958724976,-63.6239967346191,0]},{"i":{"x":0.833,"y":0.833},"o":{"x":0.167,"y":0.167},"n":"0p833_0p833_0p167_0p167","t":138,"s":[609,895,0],"e":[623,957,0],"to":[4.66666650772095,40,0],"ti":[-2.33333325386047,-10.3333330154419,0]},{"t":168}],"ix":2},"a":{"a":0,"k":[20.5,22.5,0],"ix":1},"s":{"a":0,"k":[100,100,100],"ix":6}},"ao":0,"ip":0,"op":180,"st":0,"bm":0},{"ddd":0,"ind":4,"ty":2,"nm":"花5.png","cl":"png","refId":"image_3","sr":1,"ks":{"o":{"a":0,"k":100,"ix":11},"r":{"a":1,"k":[{"i":{"x":[0.833],"y":[0.833]},"o":{"x":[0.167],"y":[0.167]},"n":["0p833_0p833_0p167_0p167"],"t":0,"s":[0],"e":[30]},{"i":{"x":[0.833],"y":[0.833]},"o":{"x":[0.167],"y":[0.167]},"n":["0p833_0p833_0p167_0p167"],"t":30,"s":[30],"e":[40]},{"i":{"x":[0.833],"y":[0.833]},"o":{"x":[0.167],"y":[0.167]},"n":["0p833_0p833_0p167_0p167"],"t":60,"s":[40],"e":[50]},{"i":{"x":[0.833],"y":[0.833]},"o":{"x":[0.167],"y":[0.167]},"n":["0p833_0p833_0p167_0p167"],"t":90,"s":[50],"e":[80]},{"i":{"x":[0.833],"y":[0.833]},"o":{"x":[0.167],"y":[0.167]},"n":["0p833_0p833_0p167_0p167"],"t":150,"s":[80],"e":[90]},{"t":178.7998046875}],"ix":10},"p":{"a":1,"k":[{"i":{"x":0.833,"y":0.833},"o":{"x":0.167,"y":0.167},"n":"0p833_0p833_0p167_0p167","t":0,"s":[403,-215,0],"e":[487,213,0],"to":[14,71.3333358764648,0],"ti":[-8.09169483184814,-60.7460289001465,0]},{"i":{"x":0.833,"y":0.833},"o":{"x":0.167,"y":0.167},"n":"0p833_0p833_0p167_0p167","t":30,"s":[487,213,0],"e":[563,629,0],"to":[11.9523191452026,89.7285385131836,0],"ti":[-20,-148.66667175293,0]},{"i":{"x":0.833,"y":0.833},"o":{"x":0.167,"y":0.167},"n":"0p833_0p833_0p167_0p167","t":60,"s":[563,629,0],"e":[607,1105,0],"to":[20,148.66667175293,0],"ti":[-11.4316396713257,-149.814651489258,0]},{"i":{"x":0.833,"y":0.833},"o":{"x":0.167,"y":0.167},"n":"0p833_0p833_0p167_0p167","t":90,"s":[607,1105,0],"e":[667,1477,0],"to":[12.6666669845581,166,0],"ti":[-24,-60,0]},{"i":{"x":0.833,"y":0.833},"o":{"x":0.167,"y":0.167},"n":"0p833_0p833_0p167_0p167","t":150,"s":[667,1477,0],"e":[687,1565,0],"to":[30.0436458587646,75.1091156005859,0],"ti":[-3.33333325386047,-14.6666669845581,0]},{"t":178.7998046875}],"ix":2},"a":{"a":0,"k":[32,32.5,0],"ix":1},"s":{"a":0,"k":[62.5,62.5,100],"ix":6}},"ao":0,"ip":0,"op":180,"st":0,"bm":0},{"ddd":0,"ind":5,"ty":2,"nm":"花4.png","cl":"png","refId":"image_4","sr":1,"ks":{"o":{"a":0,"k":100,"ix":11},"r":{"a":1,"k":[{"i":{"x":[0.833],"y":[0.833]},"o":{"x":[0.167],"y":[0.167]},"n":["0p833_0p833_0p167_0p167"],"t":0,"s":[0],"e":[30]},{"i":{"x":[0.833],"y":[0.833]},"o":{"x":[0.167],"y":[0.167]},"n":["0p833_0p833_0p167_0p167"],"t":24,"s":[30],"e":[50]},{"i":{"x":[0.833],"y":[0.833]},"o":{"x":[0.167],"y":[0.167]},"n":["0p833_0p833_0p167_0p167"],"t":48,"s":[50],"e":[60]},{"i":{"x":[0.833],"y":[0.833]},"o":{"x":[0.167],"y":[0.167]},"n":["0p833_0p833_0p167_0p167"],"t":78,"s":[60],"e":[70]},{"i":{"x":[0.833],"y":[0.833]},"o":{"x":[0.167],"y":[0.167]},"n":["0p833_0p833_0p167_0p167"],"t":103.2,"s":[70],"e":[80]},{"t":150}],"ix":10},"p":{"a":1,"k":[{"i":{"x":0.833,"y":0.833},"o":{"x":0.167,"y":0.167},"n":"0p833_0p833_0p167_0p167","t":0,"s":[-21,381,0],"e":[31,679,0],"to":[8.66666698455811,49.6666679382324,0],"ti":[-22.2105541229248,-100.870223999023,0]},{"i":{"x":0.833,"y":0.833},"o":{"x":0.167,"y":0.167},"n":"0p833_0p833_0p167_0p167","t":24,"s":[31,679,0],"e":[70.646,908.792,0],"to":[16.0681095123291,72.9740371704102,0],"ti":[-11.3431224822998,-64.6987609863281,0]},{"i":{"x":0.833,"y":0.833},"o":{"x":0.167,"y":0.167},"n":"0p833_0p833_0p167_0p167","t":43.2,"s":[70.646,908.792,0],"e":[74,952,0],"to":[4.72388553619385,26.9440383911133,0],"ti":[-1.10111057758331,-8.63633918762207,0]},{"i":{"x":0.833,"y":0.833},"o":{"x":0.167,"y":0.167},"n":"0p833_0p833_0p167_0p167","t":48,"s":[74,952,0],"e":[107,1247,0],"to":[13.7277984619141,107.671234130859,0],"ti":[0,0,0]},{"i":{"x":0.833,"y":0.833},"o":{"x":0.167,"y":0.167},"n":"0p833_0p833_0p167_0p167","t":78,"s":[107,1247,0],"e":[127,1519,0],"to":[0,0,0],"ti":[0,0,0]},{"i":{"x":0.833,"y":0.833},"o":{"x":0.167,"y":0.167},"n":"0p833_0p833_0p167_0p167","t":103.2,"s":[127,1519,0],"e":[129,1575,0],"to":[0,0,0],"ti":[0,0,0]},{"t":150}],"ix":2},"a":{"a":0,"k":[23,23,0],"ix":1},"s":{"a":0,"k":[100,100,100],"ix":6}},"ao":0,"ip":0,"op":180,"st":0,"bm":0},{"ddd":0,"ind":6,"ty":2,"nm":"花3.png","cl":"png","refId":"image_5","sr":1,"ks":{"o":{"a":0,"k":100,"ix":11},"r":{"a":1,"k":[{"i":{"x":[0.833],"y":[0.833]},"o":{"x":[0.167],"y":[0.167]},"n":["0p833_0p833_0p167_0p167"],"t":0,"s":[0],"e":[20]},{"i":{"x":[0.833],"y":[0.833]},"o":{"x":[0.167],"y":[0.167]},"n":["0p833_0p833_0p167_0p167"],"t":24,"s":[20],"e":[40]},{"i":{"x":[0.833],"y":[0.833]},"o":{"x":[0.167],"y":[0.167]},"n":["0p833_0p833_0p167_0p167"],"t":54,"s":[40],"e":[30]},{"i":{"x":[0.833],"y":[0.833]},"o":{"x":[0.167],"y":[0.167]},"n":["0p833_0p833_0p167_0p167"],"t":90,"s":[30],"e":[20]},{"i":{"x":[0.833],"y":[0.833]},"o":{"x":[0.167],"y":[0.167]},"n":["0p833_0p833_0p167_0p167"],"t":132,"s":[20],"e":[20]},{"t":170.400390625}],"ix":10},"p":{"a":1,"k":[{"i":{"x":0.833,"y":0.833},"o":{"x":0.167,"y":0.167},"n":"0p833_0p833_0p167_0p167","t":0,"s":[563,-167,0],"e":[611,27,0],"to":[8,32.3333320617676,0],"ti":[-3.82403540611267,-28.9654693603516,0]},{"i":{"x":0.833,"y":0.833},"o":{"x":0.167,"y":0.167},"n":"0p833_0p833_0p167_0p167","t":24,"s":[611,27,0],"e":[651,231,0],"to":[6.26621675491333,47.4639739990234,0],"ti":[-12.3333330154419,-77.6666641235352,0]},{"i":{"x":0.833,"y":0.833},"o":{"x":0.167,"y":0.167},"n":"0p833_0p833_0p167_0p167","t":54,"s":[651,231,0],"e":[685,493,0],"to":[12.3333330154419,77.6666641235352,0],"ti":[-6.07991313934326,-90.9091796875,0]},{"i":{"x":0.833,"y":0.833},"o":{"x":0.167,"y":0.167},"n":"0p833_0p833_0p167_0p167","t":90,"s":[685,493,0],"e":[705,775,0],"to":[7,104.666664123535,0],"ti":[-2.18546748161316,-15.9409103393555,0]},{"i":{"x":0.833,"y":0.833},"o":{"x":0.167,"y":0.167},"n":"0p833_0p833_0p167_0p167","t":132,"s":[705,775,0],"e":[724,969,0],"to":[8.2760534286499,60.3659515380859,0],"ti":[-3.16666674613953,-32.3333320617676,0]},{"t":170.400390625}],"ix":2},"a":{"a":0,"k":[29,29,0],"ix":1},"s":{"a":0,"k":[100,100,100],"ix":6}},"ao":0,"ip":0,"op":180,"st":0,"bm":0},{"ddd":0,"ind":7,"ty":2,"nm":"花2.png","cl":"png","refId":"image_6","sr":1,"ks":{"o":{"a":0,"k":100,"ix":11},"r":{"a":1,"k":[{"i":{"x":[0.833],"y":[0.833]},"o":{"x":[0.167],"y":[0.167]},"n":["0p833_0p833_0p167_0p167"],"t":0,"s":[0],"e":[-90]},{"i":{"x":[0.833],"y":[0.833]},"o":{"x":[0.167],"y":[0.167]},"n":["0p833_0p833_0p167_0p167"],"t":30,"s":[-90],"e":[-20]},{"i":{"x":[0.833],"y":[0.833]},"o":{"x":[0.167],"y":[0.167]},"n":["0p833_0p833_0p167_0p167"],"t":60,"s":[-20],"e":[-40]},{"i":{"x":[0.833],"y":[0.833]},"o":{"x":[0.167],"y":[0.167]},"n":["0p833_0p833_0p167_0p167"],"t":90,"s":[-40],"e":[-50]},{"i":{"x":[0.833],"y":[0.833]},"o":{"x":[0.167],"y":[0.167]},"n":["0p833_0p833_0p167_0p167"],"t":120,"s":[-50],"e":[-50]},{"t":178.7998046875}],"ix":10},"p":{"a":1,"k":[{"i":{"x":0.833,"y":0.833},"o":{"x":0.167,"y":0.167},"n":"0p833_0p833_0p167_0p167","t":0,"s":[177,-179,0],"e":[249,177,0],"to":[12,59.3333320617676,0],"ti":[-17.4945659637451,-70.4268417358398,0]},{"i":{"x":0.833,"y":0.833},"o":{"x":0.167,"y":0.167},"n":"0p833_0p833_0p167_0p167","t":30,"s":[249,177,0],"e":[313,535,0],"to":[39,157,0],"ti":[-17.3333339691162,-106.333335876465,0]},{"i":{"x":0.833,"y":0.833},"o":{"x":0.167,"y":0.167},"n":"0p833_0p833_0p167_0p167","t":60,"s":[313,535,0],"e":[361,855,0],"to":[17.3333339691162,106.333335876465,0],"ti":[-20,-128.33332824707,0]},{"i":{"x":0.833,"y":0.833},"o":{"x":0.167,"y":0.167},"n":"0p833_0p833_0p167_0p167","t":90,"s":[361,855,0],"e":[409,1201,0],"to":[20,128.33332824707,0],"ti":[-12.9331512451172,-82.5258255004883,0]},{"i":{"x":0.833,"y":0.833},"o":{"x":0.167,"y":0.167},"n":"0p833_0p833_0p167_0p167","t":120,"s":[409,1201,0],"e":[457,1577,0],"to":[28,178.66667175293,0],"ti":[-8,-62.6666679382324,0]},{"t":178.7998046875}],"ix":2},"a":{"a":0,"k":[57.5,59.5,0],"ix":1},"s":{"a":0,"k":[73.109,73.109,100],"ix":6}},"ao":0,"ip":0,"op":180,"st":0,"bm":0},{"ddd":0,"ind":8,"ty":2,"nm":"花1.png","cl":"png","refId":"image_7","sr":1,"ks":{"o":{"a":0,"k":100,"ix":11},"r":{"a":1,"k":[{"i":{"x":[0.833],"y":[0.833]},"o":{"x":[0.167],"y":[0.167]},"n":["0p833_0p833_0p167_0p167"],"t":0,"s":[0],"e":[20]},{"i":{"x":[0.833],"y":[0.833]},"o":{"x":[0.167],"y":[0.167]},"n":["0p833_0p833_0p167_0p167"],"t":54,"s":[20],"e":[30]},{"i":{"x":[0.833],"y":[0.833]},"o":{"x":[0.167],"y":[0.167]},"n":["0p833_0p833_0p167_0p167"],"t":102,"s":[30],"e":[20]},{"i":{"x":[0.833],"y":[0.833]},"o":{"x":[0.167],"y":[0.167]},"n":["0p833_0p833_0p167_0p167"],"t":144,"s":[20],"e":[20]},{"t":178.7998046875}],"ix":10},"p":{"a":1,"k":[{"i":{"x":0.833,"y":0.833},"o":{"x":0.167,"y":0.167},"n":"0p833_0p833_0p167_0p167","t":0,"s":[60,-142,0],"e":[218,206,0],"to":[26.3333339691162,58,0],"ti":[-46,-123.333335876465,0]},{"i":{"x":0.833,"y":0.833},"o":{"x":0.167,"y":0.167},"n":"0p833_0p833_0p167_0p167","t":54,"s":[218,206,0],"e":[336,598,0],"to":[46,123.333335876465,0],"ti":[-38.3333320617676,-143,0]},{"i":{"x":0.833,"y":0.833},"o":{"x":0.167,"y":0.167},"n":"0p833_0p833_0p167_0p167","t":102,"s":[336,598,0],"e":[428,968,0],"to":[38.3333320617676,143,0],"ti":[-32.9762878417969,-88.2858428955078,0]},{"i":{"x":0.833,"y":0.833},"o":{"x":0.167,"y":0.167},"n":"0p833_0p833_0p167_0p167","t":144,"s":[428,968,0],"e":[560,1536,0],"to":[37.7359275817871,101.028594970703,0],"ti":[-22,-94.6666641235352,0]},{"t":178.7998046875}],"ix":2},"a":{"a":0,"k":[29,39,0],"ix":1},"s":{"a":0,"k":[69.231,69.231,100],"ix":6}},"ao":0,"ip":0,"op":180,"st":0,"bm":0},{"ddd":0,"ind":9,"ty":2,"nm":"花8.png","cl":"png","refId":"image_8","sr":1,"ks":{"o":{"a":0,"k":100,"ix":11},"r":{"a":1,"k":[{"i":{"x":[0.833],"y":[0.833]},"o":{"x":[0.167],"y":[0.167]},"n":["0p833_0p833_0p167_0p167"],"t":0,"s":[45.177],"e":[90]},{"i":{"x":[0.833],"y":[0.833]},"o":{"x":[0.167],"y":[0.167]},"n":["0p833_0p833_0p167_0p167"],"t":48,"s":[90],"e":[45]},{"t":96}],"ix":10},"p":{"a":1,"k":[{"i":{"x":0.833,"y":0.833},"o":{"x":0.167,"y":0.167},"n":"0p833_0p833_0p167_0p167","t":0,"s":[-21,78,0],"e":[90.187,355.465,0],"to":[26.8645401000977,45.7775955200195,0],"ti":[-40.8810997009277,-115.205528259277,0]},{"i":{"x":0.833,"y":0.833},"o":{"x":0.167,"y":0.167},"n":"0p833_0p833_0p167_0p167","t":24,"s":[90.187,355.465,0],"e":[167,683,0],"to":[34.2655715942383,96.5625534057617,0],"ti":[-13.6558837890625,-79.0173797607422,0]},{"i":{"x":0.833,"y":0.833},"o":{"x":0.167,"y":0.167},"n":"0p833_0p833_0p167_0p167","t":48,"s":[167,683,0],"e":[225,1179,0],"to":[39,225.66667175293,0],"ti":[-9.72176933288574,-148.772521972656,0]},{"i":{"x":0.833,"y":0.833},"o":{"x":0.167,"y":0.167},"n":"0p833_0p833_0p167_0p167","t":96,"s":[225,1179,0],"e":[245,1541,0],"to":[11,168.33332824707,0],"ti":[-3.33333325386047,-60.3333320617676,0]},{"t":114}],"ix":2},"a":{"a":0,"k":[53.5,53,0],"ix":1},"s":{"a":0,"k":[64.491,64.491,100],"ix":6}},"ao":0,"ip":0,"op":180,"st":0,"bm":0},{"ddd":0,"ind":10,"ty":2,"nm":"花8.png","cl":"png","refId":"image_8","sr":1,"ks":{"o":{"a":0,"k":100,"ix":11},"r":{"a":1,"k":[{"i":{"x":[0.833],"y":[0.833]},"o":{"x":[0.167],"y":[0.167]},"n":["0p833_0p833_0p167_0p167"],"t":0,"s":[0],"e":[0]},{"i":{"x":[0.833],"y":[0.833]},"o":{"x":[0.167],"y":[0.167]},"n":["0p833_0p833_0p167_0p167"],"t":90,"s":[0],"e":[40]},{"i":{"x":[0.833],"y":[0.833]},"o":{"x":[0.167],"y":[0.167]},"n":["0p833_0p833_0p167_0p167"],"t":144,"s":[40],"e":[100]},{"t":178.7998046875}],"ix":10},"p":{"a":1,"k":[{"i":{"x":0.833,"y":0.833},"o":{"x":0.167,"y":0.167},"n":"0p833_0p833_0p167_0p167","t":0,"s":[770,-250,0],"e":[770,-250,0],"to":[-5.48462820053101,8.85019588470459,0],"ti":[4.20839977264404,-34.5456733703613,0]},{"i":{"x":0.833,"y":0.833},"o":{"x":0.167,"y":0.167},"n":"0p833_0p833_0p167_0p167","t":90,"s":[770,-250,0],"e":[701,361,0],"to":[-19.3017539978027,158.443145751953,0],"ti":[5.34235858917236,-52.355152130127,0]},{"i":{"x":0.833,"y":0.833},"o":{"x":0.167,"y":0.167},"n":"0p833_0p833_0p167_0p167","t":144,"s":[701,361,0],"e":[689.849,764.325,0],"to":[-13.2423048019409,129.774688720703,0],"ti":[2.0137882232666,-120.490653991699,0]},{"i":{"x":0.833,"y":0.833},"o":{"x":0.167,"y":0.167},"n":"0p833_0p833_0p167_0p167","t":171.6,"s":[689.849,764.325,0],"e":[693,872,0],"to":[-0.84356081485748,50.4726333618164,0],"ti":[3.21293473243713,-20.1310443878174,0]},{"t":178.7998046875}],"ix":2},"a":{"a":0,"k":[53.5,53,0],"ix":1},"s":{"a":0,"k":[73.62,73.62,100],"ix":6}},"ao":0,"ip":0,"op":180,"st":0,"bm":0},{"ddd":0,"ind":11,"ty":2,"nm":"花8.png","cl":"png","refId":"image_8","sr":1,"ks":{"o":{"a":0,"k":100,"ix":11},"r":{"a":1,"k":[{"i":{"x":[0.833],"y":[0.833]},"o":{"x":[0.167],"y":[0.167]},"n":["0p833_0p833_0p167_0p167"],"t":0,"s":[0],"e":[0]},{"i":{"x":[0.833],"y":[0.833]},"o":{"x":[0.167],"y":[0.167]},"n":["0p833_0p833_0p167_0p167"],"t":78,"s":[0],"e":[40]},{"i":{"x":[0.833],"y":[0.833]},"o":{"x":[0.167],"y":[0.167]},"n":["0p833_0p833_0p167_0p167"],"t":108,"s":[40],"e":[100]},{"t":178.7998046875}],"ix":10},"p":{"a":1,"k":[{"i":{"x":0.833,"y":0.833},"o":{"x":0.167,"y":0.167},"n":"0p833_0p833_0p167_0p167","t":0,"s":[-40,-62,0],"e":[-40,-62,0],"to":[5.33333349227905,19.6666660308838,0],"ti":[-15.3763360977173,-53.419548034668,0]},{"i":{"x":0.833,"y":0.833},"o":{"x":0.167,"y":0.167},"n":"0p833_0p833_0p167_0p167","t":78,"s":[-40,-62,0],"e":[53.245,538.731,0],"to":[38.6982460021973,134.443145751953,0],"ti":[-3.57800960540771,-40.1206741333008,0]},{"i":{"x":0.833,"y":0.833},"o":{"x":0.167,"y":0.167},"n":"0p833_0p833_0p167_0p167","t":120,"s":[53.245,538.731,0],"e":[99,1096,0],"to":[14.6540966033936,164.318237304688,0],"ti":[-8.02459335327148,-79.3097305297852,0]},{"t":178.7998046875}],"ix":2},"a":{"a":0,"k":[53.5,53,0],"ix":1},"s":{"a":0,"k":[73.62,73.62,100],"ix":6}},"ao":0,"ip":0,"op":180,"st":0,"bm":0},{"ddd":0,"ind":12,"ty":2,"nm":"花1.png","cl":"png","refId":"image_7","sr":1,"ks":{"o":{"a":0,"k":100,"ix":11},"r":{"a":1,"k":[{"i":{"x":[0.833],"y":[0.833]},"o":{"x":[0.167],"y":[0.167]},"n":["0p833_0p833_0p167_0p167"],"t":0,"s":[0],"e":[0]},{"i":{"x":[0.833],"y":[0.833]},"o":{"x":[0.167],"y":[0.167]},"n":["0p833_0p833_0p167_0p167"],"t":84,"s":[0],"e":[20]},{"i":{"x":[0.833],"y":[0.833]},"o":{"x":[0.167],"y":[0.167]},"n":["0p833_0p833_0p167_0p167"],"t":102,"s":[20],"e":[40]},{"i":{"x":[0.833],"y":[0.833]},"o":{"x":[0.167],"y":[0.167]},"n":["0p833_0p833_0p167_0p167"],"t":132,"s":[40],"e":[60]},{"t":168}],"ix":10},"p":{"a":1,"k":[{"i":{"x":0.833,"y":0.833},"o":{"x":0.167,"y":0.167},"n":"0p833_0p833_0p167_0p167","t":0,"s":[467,-177,0],"e":[467,-177,0],"to":[0,0,0],"ti":[0,0,0]},{"i":{"x":0.833,"y":0.833},"o":{"x":0.167,"y":0.167},"n":"0p833_0p833_0p167_0p167","t":84,"s":[467,-177,0],"e":[531,119,0],"to":[0,0,0],"ti":[0,0,0]},{"i":{"x":0.833,"y":0.833},"o":{"x":0.167,"y":0.167},"n":"0p833_0p833_0p167_0p167","t":102,"s":[531,119,0],"e":[569,497,0],"to":[0,0,0],"ti":[0,0,0]},{"i":{"x":0.833,"y":0.833},"o":{"x":0.167,"y":0.167},"n":"0p833_0p833_0p167_0p167","t":132,"s":[569,497,0],"e":[587,915,0],"to":[0,0,0],"ti":[0,0,0]},{"t":168}],"ix":2},"a":{"a":0,"k":[29,39,0],"ix":1},"s":{"a":0,"k":[69.231,69.231,100],"ix":6}},"ao":0,"ip":0,"op":180,"st":0,"bm":0},{"ddd":0,"ind":13,"ty":2,"nm":"花5.png","cl":"png","refId":"image_3","sr":1,"ks":{"o":{"a":0,"k":100,"ix":11},"r":{"a":1,"k":[{"i":{"x":[0.833],"y":[0.833]},"o":{"x":[0.167],"y":[0.167]},"n":["0p833_0p833_0p167_0p167"],"t":0,"s":[0],"e":[0]},{"i":{"x":[0.833],"y":[0.833]},"o":{"x":[0.167],"y":[0.167]},"n":["0p833_0p833_0p167_0p167"],"t":72,"s":[0],"e":[0]},{"i":{"x":[0.833],"y":[0.833]},"o":{"x":[0.167],"y":[0.167]},"n":["0p833_0p833_0p167_0p167"],"t":84,"s":[0],"e":[80]},{"i":{"x":[0.833],"y":[0.833]},"o":{"x":[0.167],"y":[0.167]},"n":["0p833_0p833_0p167_0p167"],"t":114,"s":[80],"e":[60]},{"i":{"x":[0.833],"y":[0.833]},"o":{"x":[0.167],"y":[0.167]},"n":["0p833_0p833_0p167_0p167"],"t":150,"s":[60],"e":[60]},{"t":178.7998046875}],"ix":10},"p":{"a":1,"k":[{"i":{"x":0.833,"y":0.833},"o":{"x":0.167,"y":0.167},"n":"0p833_0p833_0p167_0p167","t":0,"s":[411,-169,0],"e":[411,-169,0],"to":[0,0,0],"ti":[0,0,0]},{"i":{"x":0.833,"y":0.833},"o":{"x":0.167,"y":0.167},"n":"0p833_0p833_0p167_0p167","t":72,"s":[411,-169,0],"e":[413,-155,0],"to":[0.33333334326744,2.33333325386047,0],"ti":[3.5,-55.5,0]},{"i":{"x":0.833,"y":0.833},"o":{"x":0.167,"y":0.167},"n":"0p833_0p833_0p167_0p167","t":84,"s":[413,-155,0],"e":[390,164,0],"to":[-3.5,55.5,0],"ti":[6,-121.666664123535,0]},{"i":{"x":0.833,"y":0.833},"o":{"x":0.167,"y":0.167},"n":"0p833_0p833_0p167_0p167","t":114,"s":[390,164,0],"e":[377,575,0],"to":[-6,121.666664123535,0],"ti":[1.5,-136.66667175293,0]},{"i":{"x":0.833,"y":0.833},"o":{"x":0.167,"y":0.167},"n":"0p833_0p833_0p167_0p167","t":150,"s":[377,575,0],"e":[381,984,0],"to":[-1.5,136.66667175293,0],"ti":[-0.66666668653488,-68.1666641235352,0]},{"t":178.7998046875}],"ix":2},"a":{"a":0,"k":[32,32.5,0],"ix":1},"s":{"a":0,"k":[65.625,65.625,100],"ix":6}},"ao":0,"ip":0,"op":180,"st":0,"bm":0},{"ddd":0,"ind":14,"ty":2,"nm":"花7.png","cl":"png","refId":"image_1","sr":1,"ks":{"o":{"a":0,"k":100,"ix":11},"r":{"a":1,"k":[{"i":{"x":[0.833],"y":[0.833]},"o":{"x":[0.167],"y":[0.167]},"n":["0p833_0p833_0p167_0p167"],"t":0,"s":[0],"e":[0]},{"i":{"x":[0.833],"y":[0.833]},"o":{"x":[0.167],"y":[0.167]},"n":["0p833_0p833_0p167_0p167"],"t":54,"s":[0],"e":[30]},{"i":{"x":[0.833],"y":[0.833]},"o":{"x":[0.167],"y":[0.167]},"n":["0p833_0p833_0p167_0p167"],"t":66,"s":[30],"e":[40]},{"i":{"x":[0.833],"y":[0.833]},"o":{"x":[0.167],"y":[0.167]},"n":["0p833_0p833_0p167_0p167"],"t":102,"s":[40],"e":[40]},{"i":{"x":[0.833],"y":[0.833]},"o":{"x":[0.167],"y":[0.167]},"n":["0p833_0p833_0p167_0p167"],"t":132,"s":[40],"e":[60]},{"t":174}],"ix":10},"p":{"a":1,"k":[{"i":{"x":0.833,"y":0.833},"o":{"x":0.167,"y":0.167},"n":"0p833_0p833_0p167_0p167","t":0,"s":[179,-175,0],"e":[179,-175,0],"to":[0,0,0],"ti":[0,0,0]},{"i":{"x":0.833,"y":0.833},"o":{"x":0.167,"y":0.167},"n":"0p833_0p833_0p167_0p167","t":54,"s":[179,-175,0],"e":[190,-11,0],"to":[1.16666662693024,24.6666660308838,0],"ti":[-5.26914072036743,-65.5026473999023,0]},{"i":{"x":0.833,"y":0.833},"o":{"x":0.167,"y":0.167},"n":"0p833_0p833_0p167_0p167","t":66,"s":[190,-11,0],"e":[214,360,0],"to":[8.5,105.666664123535,0],"ti":[-10.0535116195679,-104.556518554688,0]},{"i":{"x":0.833,"y":0.833},"o":{"x":0.167,"y":0.167},"n":"0p833_0p833_0p167_0p167","t":102,"s":[214,360,0],"e":[262,741,0],"to":[10.8333330154419,112.666664123535,0],"ti":[-14.3333330154419,-108.333335876465,0]},{"i":{"x":0.833,"y":0.833},"o":{"x":0.167,"y":0.167},"n":"0p833_0p833_0p167_0p167","t":132,"s":[262,741,0],"e":[300,1010,0],"to":[14.3333330154419,108.333335876465,0],"ti":[0.33333334326744,-50.8333320617676,0]},{"t":174}],"ix":2},"a":{"a":0,"k":[28.5,23,0],"ix":1},"s":{"a":0,"k":[82.8,82.456,100],"ix":6}},"ao":0,"ip":0,"op":180,"st":0,"bm":0},{"ddd":0,"ind":15,"ty":2,"nm":"花4.png","cl":"png","refId":"image_4","sr":1,"ks":{"o":{"a":0,"k":100,"ix":11},"r":{"a":1,"k":[{"i":{"x":[0.833],"y":[0.833]},"o":{"x":[0.167],"y":[0.167]},"n":["0p833_0p833_0p167_0p167"],"t":0,"s":[60],"e":[60]},{"i":{"x":[0.833],"y":[0.833]},"o":{"x":[0.167],"y":[0.167]},"n":["0p833_0p833_0p167_0p167"],"t":30,"s":[60],"e":[60]},{"i":{"x":[0.833],"y":[0.833]},"o":{"x":[0.167],"y":[0.167]},"n":["0p833_0p833_0p167_0p167"],"t":60,"s":[60],"e":[90]},{"i":{"x":[0.833],"y":[0.833]},"o":{"x":[0.167],"y":[0.167]},"n":["0p833_0p833_0p167_0p167"],"t":90,"s":[90],"e":[110]},{"t":132}],"ix":10},"p":{"a":1,"k":[{"i":{"x":0.833,"y":0.833},"o":{"x":0.167,"y":0.167},"n":"0p833_0p833_0p167_0p167","t":0,"s":[-58,182,0],"e":[-58,182,0],"to":[25.2630176544189,39.6651916503906,0],"ti":[-33.4986000061035,-72.4562301635742,0]},{"i":{"x":0.833,"y":0.833},"o":{"x":0.167,"y":0.167},"n":"0p833_0p833_0p167_0p167","t":30,"s":[-58,182,0],"e":[64,471,0],"to":[5.62914848327637,12.1756401062012,0],"ti":[-2.0066123008728,-7.4479660987854,0]},{"i":{"x":0.833,"y":0.833},"o":{"x":0.167,"y":0.167},"n":"0p833_0p833_0p167_0p167","t":60,"s":[64,471,0],"e":[129,734,0],"to":[18.5,68.6666641235352,0],"ti":[0,0,0]},{"i":{"x":0.833,"y":0.833},"o":{"x":0.167,"y":0.167},"n":"0p833_0p833_0p167_0p167","t":90,"s":[129,734,0],"e":[188,1036,0],"to":[0,0,0],"ti":[0,0,0]},{"t":132}],"ix":2},"a":{"a":0,"k":[23,23,0],"ix":1},"s":{"a":0,"k":[100,100,100],"ix":6}},"ao":0,"ip":0,"op":180,"st":0,"bm":0},{"ddd":0,"ind":16,"ty":2,"nm":"点.png","cl":"png","refId":"image_9","sr":1,"ks":{"o":{"a":0,"k":100,"ix":11},"r":{"a":0,"k":0.058,"ix":10},"p":{"a":1,"k":[{"i":{"x":0.833,"y":0.833},"o":{"x":0.167,"y":0.167},"n":"0p833_0p833_0p167_0p167","t":-18,"s":[375,667,0],"e":[369,669,0],"to":[-1,0.33333334326744,0],"ti":[0,0.33333334326744,0]},{"i":{"x":0.833,"y":0.833},"o":{"x":0.167,"y":0.167},"n":"0p833_0p833_0p167_0p167","t":-6,"s":[369,669,0],"e":[373.001,650.921,0],"to":[0,-0.18842193484306,0],"ti":[-1.76410400867462,0.95707339048386,0]},{"i":{"x":0.833,"y":0.833},"o":{"x":0.167,"y":0.167},"n":"0p833_0p833_0p167_0p167","t":0,"s":[373.001,650.921,0],"e":[377,648,0],"to":[1.35673582553864,-0.73606532812119,0],"ti":[0.43473419547081,0.43473419547081,0]},{"i":{"x":0.833,"y":0.833},"o":{"x":0.167,"y":0.167},"n":"0p833_0p833_0p167_0p167","t":6,"s":[377,648,0],"e":[368,652,0],"to":[-1,-1,0],"ti":[0.66653633117676,-0.48675000667572,0]},{"i":{"x":0.833,"y":0.833},"o":{"x":0.167,"y":0.167},"n":"0p833_0p833_0p167_0p167","t":18,"s":[368,652,0],"e":[373.001,650.92,0],"to":[-0.66653633117676,0.48675000667572,0],"ti":[-1.76410400867462,0.95707339048386,0]},{"i":{"x":0.833,"y":0.833},"o":{"x":0.167,"y":0.167},"n":"0p833_0p833_0p167_0p167","t":30,"s":[373.001,650.92,0],"e":[377,648,0],"to":[1.35673582553864,-0.73606532812119,0],"ti":[0.43473419547081,0.43473419547081,0]},{"i":{"x":0.833,"y":0.833},"o":{"x":0.167,"y":0.167},"n":"0p833_0p833_0p167_0p167","t":36,"s":[377,648,0],"e":[368,652,0],"to":[-1,-1,0],"ti":[0.66653633117676,-0.48675391077995,0]},{"i":{"x":0.833,"y":0.833},"o":{"x":0.167,"y":0.167},"n":"0p833_0p833_0p167_0p167","t":48,"s":[368,652,0],"e":[373.001,650.921,0],"to":[-0.66653633117676,0.48675391077995,0],"ti":[-1.76410400867462,0.95707339048386,0]},{"i":{"x":0.833,"y":0.833},"o":{"x":0.167,"y":0.167},"n":"0p833_0p833_0p167_0p167","t":60,"s":[373.001,650.921,0],"e":[377,648,0],"to":[1.35673582553864,-0.73606532812119,0],"ti":[0.43473419547081,0.43473419547081,0]},{"i":{"x":0.833,"y":0.833},"o":{"x":0.167,"y":0.167},"n":"0p833_0p833_0p167_0p167","t":66,"s":[377,648,0],"e":[368,652,0],"to":[-1,-1,0],"ti":[0.66653633117676,-0.48675000667572,0]},{"i":{"x":0.833,"y":0.833},"o":{"x":0.167,"y":0.167},"n":"0p833_0p833_0p167_0p167","t":78,"s":[368,652,0],"e":[373.001,650.92,0],"to":[-0.66653633117676,0.48675000667572,0],"ti":[-1.76410400867462,0.95707339048386,0]},{"i":{"x":0.833,"y":0.833},"o":{"x":0.167,"y":0.167},"n":"0p833_0p833_0p167_0p167","t":90,"s":[373.001,650.92,0],"e":[377,648,0],"to":[1.35673582553864,-0.73606532812119,0],"ti":[0.43473419547081,0.43473419547081,0]},{"i":{"x":0.833,"y":0.833},"o":{"x":0.167,"y":0.167},"n":"0p833_0p833_0p167_0p167","t":96,"s":[377,648,0],"e":[368,652,0],"to":[-1,-1,0],"ti":[0.66653633117676,-0.48675391077995,0]},{"i":{"x":0.833,"y":0.833},"o":{"x":0.167,"y":0.167},"n":"0p833_0p833_0p167_0p167","t":108,"s":[368,652,0],"e":[373.001,650.921,0],"to":[-0.66653633117676,0.48675391077995,0],"ti":[-1.76410400867462,0.95707339048386,0]},{"i":{"x":0.833,"y":0.833},"o":{"x":0.167,"y":0.167},"n":"0p833_0p833_0p167_0p167","t":120,"s":[373.001,650.921,0],"e":[377,648,0],"to":[1.35673582553864,-0.73606532812119,0],"ti":[0.43473419547081,0.43473419547081,0]},{"i":{"x":0.833,"y":0.833},"o":{"x":0.167,"y":0.167},"n":"0p833_0p833_0p167_0p167","t":126,"s":[377,648,0],"e":[368,652,0],"to":[-1,-1,0],"ti":[0.66653633117676,-0.48675000667572,0]},{"i":{"x":0.833,"y":0.833},"o":{"x":0.167,"y":0.167},"n":"0p833_0p833_0p167_0p167","t":138,"s":[368,652,0],"e":[373.001,650.92,0],"to":[-0.66653633117676,0.48675000667572,0],"ti":[-1.76410400867462,0.95707339048386,0]},{"i":{"x":0.833,"y":0.833},"o":{"x":0.167,"y":0.167},"n":"0p833_0p833_0p167_0p167","t":150,"s":[373.001,650.92,0],"e":[377,648,0],"to":[1.35673582553864,-0.73606532812119,0],"ti":[0.43473419547081,0.43473419547081,0]},{"i":{"x":0.833,"y":0.833},"o":{"x":0.167,"y":0.167},"n":"0p833_0p833_0p167_0p167","t":156,"s":[377,648,0],"e":[368,652,0],"to":[-1,-1,0],"ti":[0.66653633117676,-0.48675391077995,0]},{"i":{"x":0.833,"y":0.833},"o":{"x":0.167,"y":0.167},"n":"0p833_0p833_0p167_0p167","t":168,"s":[368,652,0],"e":[373.001,650.921,0],"to":[-0.66653633117676,0.48675391077995,0],"ti":[-1.76410400867462,0.95707339048386,0]},{"i":{"x":0.833,"y":0.833},"o":{"x":0.167,"y":0.167},"n":"0p833_0p833_0p167_0p167","t":178.8,"s":[373.001,650.921,0],"e":[377,748,0],"to":[1.35673582553864,-0.73606532812119,0],"ti":[0.43473419547081,0.43473419547081,0]},{"i":{"x":0.833,"y":0.833},"o":{"x":0.167,"y":0.167},"n":"0p833_0p833_0p167_0p167","t":186,"s":[377,748,0],"e":[368,752,0],"to":[-1,-1,0],"ti":[0.66653633117676,-0.48675391077995,0]},{"i":{"x":0.833,"y":0.833},"o":{"x":0.167,"y":0.167},"n":"0p833_0p833_0p167_0p167","t":198,"s":[368,752,0],"e":[373.001,750.921,0],"to":[-0.66653633117676,0.48675391077995,0],"ti":[-1.76410400867462,0.95707339048386,0]},{"i":{"x":0.833,"y":0.833},"o":{"x":0.167,"y":0.167},"n":"0p833_0p833_0p167_0p167","t":210,"s":[373.001,750.921,0],"e":[377,748,0],"to":[1.35673582553864,-0.73606532812119,0],"ti":[0.43473419547081,0.43473419547081,0]},{"i":{"x":0.833,"y":0.833},"o":{"x":0.167,"y":0.167},"n":"0p833_0p833_0p167_0p167","t":216,"s":[377,748,0],"e":[368,752,0],"to":[-1,-1,0],"ti":[1.5,-0.66666668653488,0]},{"t":228}],"ix":2},"a":{"a":0,"k":[375,667,0],"ix":1},"s":{"a":0,"k":[100,100,100],"ix":6}},"ao":0,"ip":0,"op":180,"st":-18,"bm":0},{"ddd":0,"ind":17,"ty":2,"nm":"前景.png","cl":"png","refId":"image_10","sr":1,"ks":{"o":{"a":0,"k":100,"ix":11},"r":{"a":0,"k":0,"ix":10},"p":{"a":0,"k":[375,667,0],"ix":2},"a":{"a":0,"k":[375,667,0],"ix":1},"s":{"a":0,"k":[100,100,100],"ix":6}},"ao":0,"ip":0,"op":180,"st":0,"bm":0}],"markers":[]}