{"v":"5.6.1","fr":25,"ip":0,"op":4275,"w":1081,"h":1920,"nm":"img_0","ddd":0,"assets":[{"id":"image_0","w":1081,"h":1920,"u":"images/","p":"img_0.jpg","e":0},{"id":"image_1","w":1081,"h":1920,"u":"images/","p":"img_1.jpg","e":0},{"id":"image_2","w":1082,"h":1920,"u":"images/","p":"img_2.jpg","e":0},{"id":"image_3","w":1081,"h":1920,"u":"images/","p":"img_3.jpg","e":0},{"id":"image_4","w":1081,"h":1920,"u":"images/","p":"img_4.jpg","e":0},{"id":"image_5","w":1081,"h":1920,"u":"images/","p":"img_5.jpg","e":0},{"id":"image_6","w":1081,"h":1920,"u":"images/","p":"img_6.jpg","e":0},{"id":"image_7","w":1081,"h":1920,"u":"images/","p":"img_7.jpg","e":0},{"id":"image_8","w":1082,"h":1920,"u":"images/","p":"img_8.jpg","e":0},{"id":"image_9","w":1081,"h":1920,"u":"images/","p":"img_9.jpg","e":0},{"id":"image_10","w":1081,"h":1920,"u":"images/","p":"img_10.jpg","e":0},{"id":"image_11","w":1081,"h":1920,"u":"images/","p":"img_11.jpg","e":0},{"id":"image_12","w":1081,"h":1920,"u":"images/","p":"img_12.jpg","e":0},{"id":"image_13","w":1081,"h":1920,"u":"images/","p":"img_13.jpg","e":0},{"id":"image_14","w":1577,"h":2800,"u":"images/","p":"img_14.jpg","e":0},{"id":"image_15","w":1081,"h":1920,"u":"images/","p":"img_15.jpg","e":0},{"id":"image_16","w":1081,"h":1920,"u":"images/","p":"img_16.jpg","e":0},{"id":"image_17","w":1081,"h":1920,"u":"images/","p":"img_17.jpg","e":0},{"id":"image_18","w":1081,"h":1920,"u":"images/","p":"img_18.jpg","e":0},{"id":"image_19","w":1081,"h":1920,"u":"images/","p":"img_19.jpg","e":0},{"id":"image_20","w":1081,"h":1920,"u":"images/","p":"img_20.jpg","e":0},{"id":"image_21","w":1081,"h":1920,"u":"images/","p":"img_21.jpg","e":0},{"id":"image_22","w":1081,"h":1920,"u":"images/","p":"img_22.jpg","e":0},{"id":"image_23","w":1081,"h":1920,"u":"images/","p":"img_23.jpg","e":0},{"id":"image_24","w":1081,"h":1920,"u":"images/","p":"img_24.jpg","e":0},{"id":"image_25","w":1080,"h":1920,"u":"images/","p":"img_25.jpg","e":0},{"id":"image_26","w":1081,"h":1920,"u":"images/","p":"img_26.jpg","e":0},{"id":"image_27","w":1081,"h":1920,"u":"images/","p":"img_27.jpg","e":0},{"id":"image_28","w":1081,"h":1920,"u":"images/","p":"img_28.jpg","e":0},{"id":"image_29","w":1081,"h":1920,"u":"images/","p":"img_29.jpg","e":0},{"id":"image_30","w":1081,"h":1920,"u":"images/","p":"img_30.jpg","e":0},{"id":"image_31","w":1081,"h":1920,"u":"images/","p":"img_31.jpg","e":0},{"id":"image_32","w":1081,"h":1920,"u":"images/","p":"img_32.jpg","e":0},{"id":"image_33","w":1081,"h":1920,"u":"images/","p":"img_33.jpg","e":0},{"id":"image_34","w":1081,"h":1920,"u":"images/","p":"img_34.jpg","e":0},{"id":"image_35","w":1081,"h":1920,"u":"images/","p":"img_35.jpg","e":0},{"id":"image_36","w":608,"h":1080,"u":"images/","p":"img_36.jpg","e":0},{"id":"image_37","w":1081,"h":1920,"u":"images/","p":"img_37.jpg","e":0},{"id":"image_38","w":1081,"h":1920,"u":"images/","p":"img_38.jpg","e":0},{"id":"image_39","w":1081,"h":1920,"u":"images/","p":"img_39.jpg","e":0},{"id":"image_40","w":1081,"h":1920,"u":"images/","p":"img_40.jpg","e":0},{"id":"image_41","w":1081,"h":1920,"u":"images/","p":"img_41.jpg","e":0},{"id":"image_42","w":1081,"h":1920,"u":"images/","p":"img_42.jpg","e":0},{"id":"image_43","w":1081,"h":1920,"u":"images/","p":"img_43.jpg","e":0},{"id":"image_44","w":1082,"h":1920,"u":"images/","p":"img_44.jpg","e":0},{"id":"image_45","w":1081,"h":1920,"u":"images/","p":"img_45.jpg","e":0},{"id":"image_46","w":1081,"h":1920,"u":"images/","p":"img_46.jpg","e":0},{"id":"image_47","w":1082,"h":1920,"u":"images/","p":"img_47.jpg","e":0},{"id":"image_48","w":1081,"h":1920,"u":"images/","p":"img_48.jpg","e":0},{"id":"image_49","w":1081,"h":1920,"u":"images/","p":"img_49.jpg","e":0},{"id":"image_50","w":1081,"h":1920,"u":"images/","p":"img_50.jpg","e":0},{"id":"image_51","w":1081,"h":1920,"u":"images/","p":"img_51.jpg","e":0},{"id":"image_52","w":1081,"h":1920,"u":"images/","p":"img_52.jpg","e":0},{"id":"image_53","w":1081,"h":1920,"u":"images/","p":"img_53.jpg","e":0},{"id":"image_54","w":1081,"h":1920,"u":"images/","p":"img_54.jpg","e":0},{"id":"image_55","w":1082,"h":1920,"u":"images/","p":"img_55.jpg","e":0},{"id":"image_56","w":1080,"h":1920,"u":"images/","p":"img_56.jpg","e":0}],"layers":[{"ddd":0,"ind":1,"ty":2,"nm":"img_0.png","cl":"png","refId":"image_0","sr":1,"ks":{"o":{"a":1,"k":[{"i":{"x":[0.833],"y":[0.833]},"o":{"x":[0.167],"y":[0.167]},"t":75,"s":[100]},{"t":100,"s":[0]}],"ix":11},"r":{"a":0,"k":0,"ix":10},"p":{"a":0,"k":[554.5,960,0],"ix":2},"a":{"a":0,"k":[540.5,960,0],"ix":1},"s":{"a":1,"k":[{"i":{"x":[0.833,0.833,0.833],"y":[0.833,0.833,0.833]},"o":{"x":[0.167,0.167,0.167],"y":[0.167,0.167,0.167]},"t":0,"s":[140,140,100]},{"t":98.611328125,"s":[100,100,100]}],"ix":6}},"ao":0,"ip":0,"op":100,"st":0,"bm":0},{"ddd":0,"ind":2,"ty":2,"nm":"img_1.png","cl":"png","refId":"image_1","sr":1,"ks":{"o":{"a":1,"k":[{"i":{"x":[0.833],"y":[0.833]},"o":{"x":[0.167],"y":[0.167]},"t":150,"s":[100]},{"t":175,"s":[0]}],"ix":11},"r":{"a":0,"k":0,"ix":10},"p":{"a":0,"k":[554.5,960,0],"ix":2},"a":{"a":0,"k":[540.5,960,0],"ix":1},"s":{"a":1,"k":[{"i":{"x":[0.833,0.833,0.833],"y":[0.833,0.833,0.833]},"o":{"x":[0.167,0.167,0.167],"y":[0.167,0.167,0.167]},"t":75,"s":[140,140,100]},{"t":173.611328125,"s":[100,100,100]}],"ix":6}},"ao":0,"ip":75,"op":175,"st":75,"bm":0},{"ddd":0,"ind":3,"ty":2,"nm":"img_10.png","cl":"png","refId":"image_2","sr":1,"ks":{"o":{"a":1,"k":[{"i":{"x":[0.833],"y":[0.833]},"o":{"x":[0.167],"y":[0.167]},"t":225,"s":[100]},{"t":250,"s":[0]}],"ix":11},"r":{"a":0,"k":0,"ix":10},"p":{"a":0,"k":[554.5,960,0],"ix":2},"a":{"a":0,"k":[541,960,0],"ix":1},"s":{"a":1,"k":[{"i":{"x":[0.833,0.833,0.833],"y":[0.833,0.833,0.833]},"o":{"x":[0.167,0.167,0.167],"y":[0.167,0.167,0.167]},"t":150,"s":[140,140,100]},{"t":248.611328125,"s":[100,100,100]}],"ix":6}},"ao":0,"ip":150,"op":250,"st":150,"bm":0},{"ddd":0,"ind":4,"ty":2,"nm":"img_11.png","cl":"png","refId":"image_3","sr":1,"ks":{"o":{"a":1,"k":[{"i":{"x":[0.833],"y":[0.833]},"o":{"x":[0.167],"y":[0.167]},"t":300,"s":[100]},{"t":325,"s":[0]}],"ix":11},"r":{"a":0,"k":0,"ix":10},"p":{"a":0,"k":[554.5,960,0],"ix":2},"a":{"a":0,"k":[540.5,960,0],"ix":1},"s":{"a":1,"k":[{"i":{"x":[0.833,0.833,0.833],"y":[0.833,0.833,0.833]},"o":{"x":[0.167,0.167,0.167],"y":[0.167,0.167,0.167]},"t":225,"s":[140,140,100]},{"t":323.611328125,"s":[100,100,100]}],"ix":6}},"ao":0,"ip":225,"op":325,"st":225,"bm":0},{"ddd":0,"ind":5,"ty":2,"nm":"img_12.png","cl":"png","refId":"image_4","sr":1,"ks":{"o":{"a":1,"k":[{"i":{"x":[0.833],"y":[0.833]},"o":{"x":[0.167],"y":[0.167]},"t":375,"s":[100]},{"t":400,"s":[0]}],"ix":11},"r":{"a":0,"k":0,"ix":10},"p":{"a":0,"k":[554.5,960,0],"ix":2},"a":{"a":0,"k":[540.5,960,0],"ix":1},"s":{"a":1,"k":[{"i":{"x":[0.833,0.833,0.833],"y":[0.833,0.833,0.833]},"o":{"x":[0.167,0.167,0.167],"y":[0.167,0.167,0.167]},"t":300,"s":[140,140,100]},{"t":398.611328125,"s":[100,100,100]}],"ix":6}},"ao":0,"ip":300,"op":400,"st":300,"bm":0},{"ddd":0,"ind":6,"ty":2,"nm":"img_13.png","cl":"png","refId":"image_5","sr":1,"ks":{"o":{"a":1,"k":[{"i":{"x":[0.833],"y":[0.833]},"o":{"x":[0.167],"y":[0.167]},"t":450,"s":[100]},{"t":475,"s":[0]}],"ix":11},"r":{"a":0,"k":0,"ix":10},"p":{"a":0,"k":[554.5,960,0],"ix":2},"a":{"a":0,"k":[540.5,960,0],"ix":1},"s":{"a":1,"k":[{"i":{"x":[0.833,0.833,0.833],"y":[0.833,0.833,0.833]},"o":{"x":[0.167,0.167,0.167],"y":[0.167,0.167,0.167]},"t":375,"s":[140,140,100]},{"t":473.611328125,"s":[100,100,100]}],"ix":6}},"ao":0,"ip":375,"op":475,"st":375,"bm":0},{"ddd":0,"ind":7,"ty":2,"nm":"img_14.png","cl":"png","refId":"image_6","sr":1,"ks":{"o":{"a":1,"k":[{"i":{"x":[0.833],"y":[0.833]},"o":{"x":[0.167],"y":[0.167]},"t":525,"s":[100]},{"t":550,"s":[0]}],"ix":11},"r":{"a":0,"k":0,"ix":10},"p":{"a":0,"k":[554.5,960,0],"ix":2},"a":{"a":0,"k":[540.5,960,0],"ix":1},"s":{"a":1,"k":[{"i":{"x":[0.833,0.833,0.833],"y":[0.833,0.833,0.833]},"o":{"x":[0.167,0.167,0.167],"y":[0.167,0.167,0.167]},"t":450,"s":[140,140,100]},{"t":548.611328125,"s":[100,100,100]}],"ix":6}},"ao":0,"ip":450,"op":550,"st":450,"bm":0},{"ddd":0,"ind":8,"ty":2,"nm":"img_15.png","cl":"png","refId":"image_7","sr":1,"ks":{"o":{"a":1,"k":[{"i":{"x":[0.833],"y":[0.833]},"o":{"x":[0.167],"y":[0.167]},"t":600,"s":[100]},{"t":625,"s":[0]}],"ix":11},"r":{"a":0,"k":0,"ix":10},"p":{"a":0,"k":[554.5,960,0],"ix":2},"a":{"a":0,"k":[540.5,960,0],"ix":1},"s":{"a":1,"k":[{"i":{"x":[0.833,0.833,0.833],"y":[0.833,0.833,0.833]},"o":{"x":[0.167,0.167,0.167],"y":[0.167,0.167,0.167]},"t":525,"s":[140,140,100]},{"t":623.611328125,"s":[100,100,100]}],"ix":6}},"ao":0,"ip":525,"op":625,"st":525,"bm":0},{"ddd":0,"ind":9,"ty":2,"nm":"img_16.png","cl":"png","refId":"image_8","sr":1,"ks":{"o":{"a":1,"k":[{"i":{"x":[0.833],"y":[0.833]},"o":{"x":[0.167],"y":[0.167]},"t":675,"s":[100]},{"t":700,"s":[0]}],"ix":11},"r":{"a":0,"k":0,"ix":10},"p":{"a":0,"k":[554.5,960,0],"ix":2},"a":{"a":0,"k":[541,960,0],"ix":1},"s":{"a":1,"k":[{"i":{"x":[0.833,0.833,0.833],"y":[0.833,0.833,0.833]},"o":{"x":[0.167,0.167,0.167],"y":[0.167,0.167,0.167]},"t":600,"s":[140,140,100]},{"t":698.611328125,"s":[100,100,100]}],"ix":6}},"ao":0,"ip":600,"op":700,"st":600,"bm":0},{"ddd":0,"ind":10,"ty":2,"nm":"img_17.png","cl":"png","refId":"image_9","sr":1,"ks":{"o":{"a":1,"k":[{"i":{"x":[0.833],"y":[0.833]},"o":{"x":[0.167],"y":[0.167]},"t":750,"s":[100]},{"t":775,"s":[0]}],"ix":11},"r":{"a":0,"k":0,"ix":10},"p":{"a":0,"k":[554.5,960,0],"ix":2},"a":{"a":0,"k":[540.5,960,0],"ix":1},"s":{"a":1,"k":[{"i":{"x":[0.833,0.833,0.833],"y":[0.833,0.833,0.833]},"o":{"x":[0.167,0.167,0.167],"y":[0.167,0.167,0.167]},"t":675,"s":[140,140,100]},{"t":773.611328125,"s":[100,100,100]}],"ix":6}},"ao":0,"ip":675,"op":775,"st":675,"bm":0},{"ddd":0,"ind":11,"ty":2,"nm":"img_18.png","cl":"png","refId":"image_10","sr":1,"ks":{"o":{"a":1,"k":[{"i":{"x":[0.833],"y":[0.833]},"o":{"x":[0.167],"y":[0.167]},"t":825,"s":[100]},{"t":850,"s":[0]}],"ix":11},"r":{"a":0,"k":0,"ix":10},"p":{"a":0,"k":[554.5,960,0],"ix":2},"a":{"a":0,"k":[540.5,960,0],"ix":1},"s":{"a":1,"k":[{"i":{"x":[0.833,0.833,0.833],"y":[0.833,0.833,0.833]},"o":{"x":[0.167,0.167,0.167],"y":[0.167,0.167,0.167]},"t":750,"s":[140,140,100]},{"t":848.611328125,"s":[100,100,100]}],"ix":6}},"ao":0,"ip":750,"op":850,"st":750,"bm":0},{"ddd":0,"ind":12,"ty":2,"nm":"img_19.png","cl":"png","refId":"image_11","sr":1,"ks":{"o":{"a":1,"k":[{"i":{"x":[0.833],"y":[0.833]},"o":{"x":[0.167],"y":[0.167]},"t":900,"s":[100]},{"t":925,"s":[0]}],"ix":11},"r":{"a":0,"k":0,"ix":10},"p":{"a":0,"k":[554.5,960,0],"ix":2},"a":{"a":0,"k":[540.5,960,0],"ix":1},"s":{"a":1,"k":[{"i":{"x":[0.833,0.833,0.833],"y":[0.833,0.833,0.833]},"o":{"x":[0.167,0.167,0.167],"y":[0.167,0.167,0.167]},"t":825,"s":[140,140,100]},{"t":923.611328125,"s":[100,100,100]}],"ix":6}},"ao":0,"ip":825,"op":925,"st":825,"bm":0},{"ddd":0,"ind":13,"ty":2,"nm":"img_2.png","cl":"png","refId":"image_12","sr":1,"ks":{"o":{"a":1,"k":[{"i":{"x":[0.833],"y":[0.833]},"o":{"x":[0.167],"y":[0.167]},"t":975,"s":[100]},{"t":1000,"s":[0]}],"ix":11},"r":{"a":0,"k":0,"ix":10},"p":{"a":0,"k":[554.5,960,0],"ix":2},"a":{"a":0,"k":[540.5,960,0],"ix":1},"s":{"a":1,"k":[{"i":{"x":[0.833,0.833,0.833],"y":[0.833,0.833,0.833]},"o":{"x":[0.167,0.167,0.167],"y":[0.167,0.167,0.167]},"t":900,"s":[140,140,100]},{"t":998.611328125,"s":[100,100,100]}],"ix":6}},"ao":0,"ip":900,"op":1000,"st":900,"bm":0},{"ddd":0,"ind":14,"ty":2,"nm":"img_20.png","cl":"png","refId":"image_13","sr":1,"ks":{"o":{"a":1,"k":[{"i":{"x":[0.833],"y":[0.833]},"o":{"x":[0.167],"y":[0.167]},"t":1050,"s":[100]},{"t":1075,"s":[0]}],"ix":11},"r":{"a":0,"k":0,"ix":10},"p":{"a":0,"k":[554.5,960,0],"ix":2},"a":{"a":0,"k":[540.5,960,0],"ix":1},"s":{"a":1,"k":[{"i":{"x":[0.833,0.833,0.833],"y":[0.833,0.833,0.833]},"o":{"x":[0.167,0.167,0.167],"y":[0.167,0.167,0.167]},"t":975,"s":[140,140,100]},{"t":1073.611328125,"s":[100,100,100]}],"ix":6}},"ao":0,"ip":975,"op":1075,"st":975,"bm":0},{"ddd":0,"ind":15,"ty":2,"nm":"img_21.png","cl":"png","refId":"image_14","sr":1,"ks":{"o":{"a":1,"k":[{"i":{"x":[0.833],"y":[0.833]},"o":{"x":[0.167],"y":[0.167]},"t":1125,"s":[100]},{"t":1150,"s":[0]}],"ix":11},"r":{"a":0,"k":0,"ix":10},"p":{"a":0,"k":[554.5,960,0],"ix":2},"a":{"a":0,"k":[788.5,1400,0],"ix":1},"s":{"a":1,"k":[{"i":{"x":[0.833,0.833,0.833],"y":[0.833,0.833,0.833]},"o":{"x":[0.167,0.167,0.167],"y":[0.167,0.167,0.167]},"t":1050,"s":[140,140,100]},{"t":1148.611328125,"s":[100,100,100]}],"ix":6}},"ao":0,"ip":1050,"op":1150,"st":1050,"bm":0},{"ddd":0,"ind":16,"ty":2,"nm":"img_22.png","cl":"png","refId":"image_15","sr":1,"ks":{"o":{"a":1,"k":[{"i":{"x":[0.833],"y":[0.833]},"o":{"x":[0.167],"y":[0.167]},"t":1200,"s":[100]},{"t":1225,"s":[0]}],"ix":11},"r":{"a":0,"k":0,"ix":10},"p":{"a":0,"k":[554.5,960,0],"ix":2},"a":{"a":0,"k":[540.5,960,0],"ix":1},"s":{"a":1,"k":[{"i":{"x":[0.833,0.833,0.833],"y":[0.833,0.833,0.833]},"o":{"x":[0.167,0.167,0.167],"y":[0.167,0.167,0.167]},"t":1125,"s":[140,140,100]},{"t":1223.611328125,"s":[100,100,100]}],"ix":6}},"ao":0,"ip":1125,"op":1225,"st":1125,"bm":0},{"ddd":0,"ind":17,"ty":2,"nm":"img_23.png","cl":"png","refId":"image_16","sr":1,"ks":{"o":{"a":1,"k":[{"i":{"x":[0.833],"y":[0.833]},"o":{"x":[0.167],"y":[0.167]},"t":1275,"s":[100]},{"t":1300,"s":[0]}],"ix":11},"r":{"a":0,"k":0,"ix":10},"p":{"a":0,"k":[554.5,960,0],"ix":2},"a":{"a":0,"k":[540.5,960,0],"ix":1},"s":{"a":1,"k":[{"i":{"x":[0.833,0.833,0.833],"y":[0.833,0.833,0.833]},"o":{"x":[0.167,0.167,0.167],"y":[0.167,0.167,0.167]},"t":1200,"s":[140,140,100]},{"t":1298.611328125,"s":[100,100,100]}],"ix":6}},"ao":0,"ip":1200,"op":1300,"st":1200,"bm":0},{"ddd":0,"ind":18,"ty":2,"nm":"img_24.png","cl":"png","refId":"image_17","sr":1,"ks":{"o":{"a":1,"k":[{"i":{"x":[0.833],"y":[0.833]},"o":{"x":[0.167],"y":[0.167]},"t":1350,"s":[100]},{"t":1375,"s":[0]}],"ix":11},"r":{"a":0,"k":0,"ix":10},"p":{"a":0,"k":[554.5,960,0],"ix":2},"a":{"a":0,"k":[540.5,960,0],"ix":1},"s":{"a":1,"k":[{"i":{"x":[0.833,0.833,0.833],"y":[0.833,0.833,0.833]},"o":{"x":[0.167,0.167,0.167],"y":[0.167,0.167,0.167]},"t":1275,"s":[140,140,100]},{"t":1373.611328125,"s":[100,100,100]}],"ix":6}},"ao":0,"ip":1275,"op":1375,"st":1275,"bm":0},{"ddd":0,"ind":19,"ty":2,"nm":"img_25.png","cl":"png","refId":"image_18","sr":1,"ks":{"o":{"a":1,"k":[{"i":{"x":[0.833],"y":[0.833]},"o":{"x":[0.167],"y":[0.167]},"t":1425,"s":[100]},{"t":1450,"s":[0]}],"ix":11},"r":{"a":0,"k":0,"ix":10},"p":{"a":0,"k":[554.5,960,0],"ix":2},"a":{"a":0,"k":[540.5,960,0],"ix":1},"s":{"a":1,"k":[{"i":{"x":[0.833,0.833,0.833],"y":[0.833,0.833,0.833]},"o":{"x":[0.167,0.167,0.167],"y":[0.167,0.167,0.167]},"t":1350,"s":[140,140,100]},{"t":1448.611328125,"s":[100,100,100]}],"ix":6}},"ao":0,"ip":1350,"op":1450,"st":1350,"bm":0},{"ddd":0,"ind":20,"ty":2,"nm":"img_26.png","cl":"png","refId":"image_19","sr":1,"ks":{"o":{"a":1,"k":[{"i":{"x":[0.833],"y":[0.833]},"o":{"x":[0.167],"y":[0.167]},"t":1500,"s":[100]},{"t":1525,"s":[0]}],"ix":11},"r":{"a":0,"k":0,"ix":10},"p":{"a":0,"k":[554.5,960,0],"ix":2},"a":{"a":0,"k":[540.5,960,0],"ix":1},"s":{"a":1,"k":[{"i":{"x":[0.833,0.833,0.833],"y":[0.833,0.833,0.833]},"o":{"x":[0.167,0.167,0.167],"y":[0.167,0.167,0.167]},"t":1425,"s":[140,140,100]},{"t":1523.611328125,"s":[100,100,100]}],"ix":6}},"ao":0,"ip":1425,"op":1525,"st":1425,"bm":0},{"ddd":0,"ind":21,"ty":2,"nm":"img_27.png","cl":"png","refId":"image_20","sr":1,"ks":{"o":{"a":1,"k":[{"i":{"x":[0.833],"y":[0.833]},"o":{"x":[0.167],"y":[0.167]},"t":1575,"s":[100]},{"t":1600,"s":[0]}],"ix":11},"r":{"a":0,"k":0,"ix":10},"p":{"a":0,"k":[554.5,960,0],"ix":2},"a":{"a":0,"k":[540.5,960,0],"ix":1},"s":{"a":1,"k":[{"i":{"x":[0.833,0.833,0.833],"y":[0.833,0.833,0.833]},"o":{"x":[0.167,0.167,0.167],"y":[0.167,0.167,0.167]},"t":1500,"s":[140,140,100]},{"t":1598.611328125,"s":[100,100,100]}],"ix":6}},"ao":0,"ip":1500,"op":1600,"st":1500,"bm":0},{"ddd":0,"ind":22,"ty":2,"nm":"img_28.png","cl":"png","refId":"image_21","sr":1,"ks":{"o":{"a":1,"k":[{"i":{"x":[0.833],"y":[0.833]},"o":{"x":[0.167],"y":[0.167]},"t":1650,"s":[100]},{"t":1675,"s":[0]}],"ix":11},"r":{"a":0,"k":0,"ix":10},"p":{"a":0,"k":[554.5,960,0],"ix":2},"a":{"a":0,"k":[540.5,960,0],"ix":1},"s":{"a":1,"k":[{"i":{"x":[0.833,0.833,0.833],"y":[0.833,0.833,0.833]},"o":{"x":[0.167,0.167,0.167],"y":[0.167,0.167,0.167]},"t":1575,"s":[140,140,100]},{"t":1673.611328125,"s":[100,100,100]}],"ix":6}},"ao":0,"ip":1575,"op":1675,"st":1575,"bm":0},{"ddd":0,"ind":23,"ty":2,"nm":"img_29.png","cl":"png","refId":"image_22","sr":1,"ks":{"o":{"a":1,"k":[{"i":{"x":[0.833],"y":[0.833]},"o":{"x":[0.167],"y":[0.167]},"t":1725,"s":[100]},{"t":1750,"s":[0]}],"ix":11},"r":{"a":0,"k":0,"ix":10},"p":{"a":0,"k":[554.5,960,0],"ix":2},"a":{"a":0,"k":[540.5,960,0],"ix":1},"s":{"a":1,"k":[{"i":{"x":[0.833,0.833,0.833],"y":[0.833,0.833,0.833]},"o":{"x":[0.167,0.167,0.167],"y":[0.167,0.167,0.167]},"t":1650,"s":[140,140,100]},{"t":1748.611328125,"s":[100,100,100]}],"ix":6}},"ao":0,"ip":1650,"op":1750,"st":1650,"bm":0},{"ddd":0,"ind":24,"ty":2,"nm":"img_3.png","cl":"png","refId":"image_23","sr":1,"ks":{"o":{"a":1,"k":[{"i":{"x":[0.833],"y":[0.833]},"o":{"x":[0.167],"y":[0.167]},"t":1800,"s":[100]},{"t":1825,"s":[0]}],"ix":11},"r":{"a":0,"k":0,"ix":10},"p":{"a":0,"k":[554.5,960,0],"ix":2},"a":{"a":0,"k":[540.5,960,0],"ix":1},"s":{"a":1,"k":[{"i":{"x":[0.833,0.833,0.833],"y":[0.833,0.833,0.833]},"o":{"x":[0.167,0.167,0.167],"y":[0.167,0.167,0.167]},"t":1725,"s":[140,140,100]},{"t":1823.611328125,"s":[100,100,100]}],"ix":6}},"ao":0,"ip":1725,"op":1825,"st":1725,"bm":0},{"ddd":0,"ind":25,"ty":2,"nm":"img_30.png","cl":"png","refId":"image_24","sr":1,"ks":{"o":{"a":1,"k":[{"i":{"x":[0.833],"y":[0.833]},"o":{"x":[0.167],"y":[0.167]},"t":1875,"s":[100]},{"t":1900,"s":[0]}],"ix":11},"r":{"a":0,"k":0,"ix":10},"p":{"a":0,"k":[554.5,960,0],"ix":2},"a":{"a":0,"k":[540.5,960,0],"ix":1},"s":{"a":1,"k":[{"i":{"x":[0.833,0.833,0.833],"y":[0.833,0.833,0.833]},"o":{"x":[0.167,0.167,0.167],"y":[0.167,0.167,0.167]},"t":1800,"s":[140,140,100]},{"t":1898.611328125,"s":[100,100,100]}],"ix":6}},"ao":0,"ip":1800,"op":1900,"st":1800,"bm":0},{"ddd":0,"ind":26,"ty":2,"nm":"img_31.png","cl":"png","refId":"image_25","sr":1,"ks":{"o":{"a":1,"k":[{"i":{"x":[0.833],"y":[0.833]},"o":{"x":[0.167],"y":[0.167]},"t":1950,"s":[100]},{"t":1975,"s":[0]}],"ix":11},"r":{"a":0,"k":0,"ix":10},"p":{"a":0,"k":[554.5,960,0],"ix":2},"a":{"a":0,"k":[540,960,0],"ix":1},"s":{"a":1,"k":[{"i":{"x":[0.833,0.833,0.833],"y":[0.833,0.833,0.833]},"o":{"x":[0.167,0.167,0.167],"y":[0.167,0.167,0.167]},"t":1875,"s":[140,140,100]},{"t":1973.611328125,"s":[100,100,100]}],"ix":6}},"ao":0,"ip":1875,"op":1975,"st":1875,"bm":0},{"ddd":0,"ind":27,"ty":2,"nm":"img_32.png","cl":"png","refId":"image_26","sr":1,"ks":{"o":{"a":1,"k":[{"i":{"x":[0.833],"y":[0.833]},"o":{"x":[0.167],"y":[0.167]},"t":2025,"s":[100]},{"t":2050,"s":[0]}],"ix":11},"r":{"a":0,"k":0,"ix":10},"p":{"a":0,"k":[554.5,960,0],"ix":2},"a":{"a":0,"k":[540.5,960,0],"ix":1},"s":{"a":1,"k":[{"i":{"x":[0.833,0.833,0.833],"y":[0.833,0.833,0.833]},"o":{"x":[0.167,0.167,0.167],"y":[0.167,0.167,0.167]},"t":1950,"s":[140,140,100]},{"t":2048.611328125,"s":[100,100,100]}],"ix":6}},"ao":0,"ip":1950,"op":2050,"st":1950,"bm":0},{"ddd":0,"ind":28,"ty":2,"nm":"img_33.png","cl":"png","refId":"image_27","sr":1,"ks":{"o":{"a":1,"k":[{"i":{"x":[0.833],"y":[0.833]},"o":{"x":[0.167],"y":[0.167]},"t":2100,"s":[100]},{"t":2125,"s":[0]}],"ix":11},"r":{"a":0,"k":0,"ix":10},"p":{"a":0,"k":[554.5,960,0],"ix":2},"a":{"a":0,"k":[540.5,960,0],"ix":1},"s":{"a":1,"k":[{"i":{"x":[0.833,0.833,0.833],"y":[0.833,0.833,0.833]},"o":{"x":[0.167,0.167,0.167],"y":[0.167,0.167,0.167]},"t":2025,"s":[140,140,100]},{"t":2123.611328125,"s":[100,100,100]}],"ix":6}},"ao":0,"ip":2025,"op":2125,"st":2025,"bm":0},{"ddd":0,"ind":29,"ty":2,"nm":"img_34.png","cl":"png","refId":"image_28","sr":1,"ks":{"o":{"a":1,"k":[{"i":{"x":[0.833],"y":[0.833]},"o":{"x":[0.167],"y":[0.167]},"t":2175,"s":[100]},{"t":2200,"s":[0]}],"ix":11},"r":{"a":0,"k":0,"ix":10},"p":{"a":0,"k":[554.5,960,0],"ix":2},"a":{"a":0,"k":[540.5,960,0],"ix":1},"s":{"a":1,"k":[{"i":{"x":[0.833,0.833,0.833],"y":[0.833,0.833,0.833]},"o":{"x":[0.167,0.167,0.167],"y":[0.167,0.167,0.167]},"t":2100,"s":[140,140,100]},{"t":2198.611328125,"s":[100,100,100]}],"ix":6}},"ao":0,"ip":2100,"op":2200,"st":2100,"bm":0},{"ddd":0,"ind":30,"ty":2,"nm":"img_35.png","cl":"png","refId":"image_29","sr":1,"ks":{"o":{"a":1,"k":[{"i":{"x":[0.833],"y":[0.833]},"o":{"x":[0.167],"y":[0.167]},"t":2250,"s":[100]},{"t":2275,"s":[0]}],"ix":11},"r":{"a":0,"k":0,"ix":10},"p":{"a":0,"k":[554.5,960,0],"ix":2},"a":{"a":0,"k":[540.5,960,0],"ix":1},"s":{"a":1,"k":[{"i":{"x":[0.833,0.833,0.833],"y":[0.833,0.833,0.833]},"o":{"x":[0.167,0.167,0.167],"y":[0.167,0.167,0.167]},"t":2175,"s":[140,140,100]},{"t":2273.611328125,"s":[100,100,100]}],"ix":6}},"ao":0,"ip":2175,"op":2275,"st":2175,"bm":0},{"ddd":0,"ind":31,"ty":2,"nm":"img_36.png","cl":"png","refId":"image_30","sr":1,"ks":{"o":{"a":1,"k":[{"i":{"x":[0.833],"y":[0.833]},"o":{"x":[0.167],"y":[0.167]},"t":2325,"s":[100]},{"t":2350,"s":[0]}],"ix":11},"r":{"a":0,"k":0,"ix":10},"p":{"a":0,"k":[554.5,960,0],"ix":2},"a":{"a":0,"k":[540.5,960,0],"ix":1},"s":{"a":1,"k":[{"i":{"x":[0.833,0.833,0.833],"y":[0.833,0.833,0.833]},"o":{"x":[0.167,0.167,0.167],"y":[0.167,0.167,0.167]},"t":2250,"s":[140,140,100]},{"t":2348.611328125,"s":[100,100,100]}],"ix":6}},"ao":0,"ip":2250,"op":2350,"st":2250,"bm":0},{"ddd":0,"ind":32,"ty":2,"nm":"img_37.png","cl":"png","refId":"image_31","sr":1,"ks":{"o":{"a":1,"k":[{"i":{"x":[0.833],"y":[0.833]},"o":{"x":[0.167],"y":[0.167]},"t":2400,"s":[100]},{"t":2425,"s":[0]}],"ix":11},"r":{"a":0,"k":0,"ix":10},"p":{"a":0,"k":[554.5,960,0],"ix":2},"a":{"a":0,"k":[540.5,960,0],"ix":1},"s":{"a":1,"k":[{"i":{"x":[0.833,0.833,0.833],"y":[0.833,0.833,0.833]},"o":{"x":[0.167,0.167,0.167],"y":[0.167,0.167,0.167]},"t":2325,"s":[140,140,100]},{"t":2423.611328125,"s":[100,100,100]}],"ix":6}},"ao":0,"ip":2325,"op":2425,"st":2325,"bm":0},{"ddd":0,"ind":33,"ty":2,"nm":"img_38.png","cl":"png","refId":"image_32","sr":1,"ks":{"o":{"a":1,"k":[{"i":{"x":[0.833],"y":[0.833]},"o":{"x":[0.167],"y":[0.167]},"t":2475,"s":[100]},{"t":2500,"s":[0]}],"ix":11},"r":{"a":0,"k":0,"ix":10},"p":{"a":0,"k":[554.5,960,0],"ix":2},"a":{"a":0,"k":[540.5,960,0],"ix":1},"s":{"a":1,"k":[{"i":{"x":[0.833,0.833,0.833],"y":[0.833,0.833,0.833]},"o":{"x":[0.167,0.167,0.167],"y":[0.167,0.167,0.167]},"t":2400,"s":[140,140,100]},{"t":2498.611328125,"s":[100,100,100]}],"ix":6}},"ao":0,"ip":2400,"op":2500,"st":2400,"bm":0},{"ddd":0,"ind":34,"ty":2,"nm":"img_39.png","cl":"png","refId":"image_33","sr":1,"ks":{"o":{"a":1,"k":[{"i":{"x":[0.833],"y":[0.833]},"o":{"x":[0.167],"y":[0.167]},"t":2550,"s":[100]},{"t":2575,"s":[0]}],"ix":11},"r":{"a":0,"k":0,"ix":10},"p":{"a":0,"k":[554.5,960,0],"ix":2},"a":{"a":0,"k":[540.5,960,0],"ix":1},"s":{"a":1,"k":[{"i":{"x":[0.833,0.833,0.833],"y":[0.833,0.833,0.833]},"o":{"x":[0.167,0.167,0.167],"y":[0.167,0.167,0.167]},"t":2475,"s":[140,140,100]},{"t":2573.611328125,"s":[100,100,100]}],"ix":6}},"ao":0,"ip":2475,"op":2575,"st":2475,"bm":0},{"ddd":0,"ind":35,"ty":2,"nm":"img_4.png","cl":"png","refId":"image_34","sr":1,"ks":{"o":{"a":1,"k":[{"i":{"x":[0.833],"y":[0.833]},"o":{"x":[0.167],"y":[0.167]},"t":2625,"s":[100]},{"t":2650,"s":[0]}],"ix":11},"r":{"a":0,"k":0,"ix":10},"p":{"a":0,"k":[554.5,960,0],"ix":2},"a":{"a":0,"k":[540.5,960,0],"ix":1},"s":{"a":1,"k":[{"i":{"x":[0.833,0.833,0.833],"y":[0.833,0.833,0.833]},"o":{"x":[0.167,0.167,0.167],"y":[0.167,0.167,0.167]},"t":2550,"s":[140,140,100]},{"t":2648.611328125,"s":[100,100,100]}],"ix":6}},"ao":0,"ip":2550,"op":2650,"st":2550,"bm":0},{"ddd":0,"ind":36,"ty":2,"nm":"img_40.png","cl":"png","refId":"image_35","sr":1,"ks":{"o":{"a":1,"k":[{"i":{"x":[0.833],"y":[0.833]},"o":{"x":[0.167],"y":[0.167]},"t":2700,"s":[100]},{"t":2725,"s":[0]}],"ix":11},"r":{"a":0,"k":0,"ix":10},"p":{"a":0,"k":[554.5,960,0],"ix":2},"a":{"a":0,"k":[540.5,960,0],"ix":1},"s":{"a":1,"k":[{"i":{"x":[0.833,0.833,0.833],"y":[0.833,0.833,0.833]},"o":{"x":[0.167,0.167,0.167],"y":[0.167,0.167,0.167]},"t":2625,"s":[140,140,100]},{"t":2723.611328125,"s":[100,100,100]}],"ix":6}},"ao":0,"ip":2625,"op":2725,"st":2625,"bm":0},{"ddd":0,"ind":37,"ty":2,"nm":"img_41.png","cl":"png","refId":"image_36","sr":1,"ks":{"o":{"a":1,"k":[{"i":{"x":[0.833],"y":[0.833]},"o":{"x":[0.167],"y":[0.167]},"t":2775,"s":[100]},{"t":2800,"s":[0]}],"ix":11},"r":{"a":0,"k":0,"ix":10},"p":{"a":0,"k":[554.5,960,0],"ix":2},"a":{"a":0,"k":[304,540,0],"ix":1},"s":{"a":1,"k":[{"i":{"x":[0.833,0.833,0.833],"y":[0.833,0.833,0.833]},"o":{"x":[0.167,0.167,0.167],"y":[0.167,0.167,0.167]},"t":2700,"s":[140,140,100]},{"t":2798.611328125,"s":[100,100,100]}],"ix":6}},"ao":0,"ip":2700,"op":2800,"st":2700,"bm":0},{"ddd":0,"ind":38,"ty":2,"nm":"img_42.png","cl":"png","refId":"image_37","sr":1,"ks":{"o":{"a":1,"k":[{"i":{"x":[0.833],"y":[0.833]},"o":{"x":[0.167],"y":[0.167]},"t":2850,"s":[100]},{"t":2875,"s":[0]}],"ix":11},"r":{"a":0,"k":0,"ix":10},"p":{"a":0,"k":[554.5,960,0],"ix":2},"a":{"a":0,"k":[540.5,960,0],"ix":1},"s":{"a":1,"k":[{"i":{"x":[0.833,0.833,0.833],"y":[0.833,0.833,0.833]},"o":{"x":[0.167,0.167,0.167],"y":[0.167,0.167,0.167]},"t":2775,"s":[140,140,100]},{"t":2873.611328125,"s":[100,100,100]}],"ix":6}},"ao":0,"ip":2775,"op":2875,"st":2775,"bm":0},{"ddd":0,"ind":39,"ty":2,"nm":"img_43.png","cl":"png","refId":"image_38","sr":1,"ks":{"o":{"a":1,"k":[{"i":{"x":[0.833],"y":[0.833]},"o":{"x":[0.167],"y":[0.167]},"t":2925,"s":[100]},{"t":2950,"s":[0]}],"ix":11},"r":{"a":0,"k":0,"ix":10},"p":{"a":0,"k":[554.5,960,0],"ix":2},"a":{"a":0,"k":[540.5,960,0],"ix":1},"s":{"a":1,"k":[{"i":{"x":[0.833,0.833,0.833],"y":[0.833,0.833,0.833]},"o":{"x":[0.167,0.167,0.167],"y":[0.167,0.167,0.167]},"t":2850,"s":[140,140,100]},{"t":2948.611328125,"s":[100,100,100]}],"ix":6}},"ao":0,"ip":2850,"op":2950,"st":2850,"bm":0},{"ddd":0,"ind":40,"ty":2,"nm":"img_44.png","cl":"png","refId":"image_39","sr":1,"ks":{"o":{"a":1,"k":[{"i":{"x":[0.833],"y":[0.833]},"o":{"x":[0.167],"y":[0.167]},"t":3000,"s":[100]},{"t":3025,"s":[0]}],"ix":11},"r":{"a":0,"k":0,"ix":10},"p":{"a":0,"k":[554.5,960,0],"ix":2},"a":{"a":0,"k":[540.5,960,0],"ix":1},"s":{"a":1,"k":[{"i":{"x":[0.833,0.833,0.833],"y":[0.833,0.833,0.833]},"o":{"x":[0.167,0.167,0.167],"y":[0.167,0.167,0.167]},"t":2925,"s":[140,140,100]},{"t":3023.611328125,"s":[100,100,100]}],"ix":6}},"ao":0,"ip":2925,"op":3025,"st":2925,"bm":0},{"ddd":0,"ind":41,"ty":2,"nm":"img_45.png","cl":"png","refId":"image_40","sr":1,"ks":{"o":{"a":1,"k":[{"i":{"x":[0.833],"y":[0.833]},"o":{"x":[0.167],"y":[0.167]},"t":3075,"s":[100]},{"t":3100,"s":[0]}],"ix":11},"r":{"a":0,"k":0,"ix":10},"p":{"a":0,"k":[554.5,960,0],"ix":2},"a":{"a":0,"k":[540.5,960,0],"ix":1},"s":{"a":1,"k":[{"i":{"x":[0.833,0.833,0.833],"y":[0.833,0.833,0.833]},"o":{"x":[0.167,0.167,0.167],"y":[0.167,0.167,0.167]},"t":3000,"s":[140,140,100]},{"t":3098.611328125,"s":[100,100,100]}],"ix":6}},"ao":0,"ip":3000,"op":3100,"st":3000,"bm":0},{"ddd":0,"ind":42,"ty":2,"nm":"img_46.png","cl":"png","refId":"image_41","sr":1,"ks":{"o":{"a":1,"k":[{"i":{"x":[0.833],"y":[0.833]},"o":{"x":[0.167],"y":[0.167]},"t":3150,"s":[100]},{"t":3175,"s":[0]}],"ix":11},"r":{"a":0,"k":0,"ix":10},"p":{"a":0,"k":[554.5,960,0],"ix":2},"a":{"a":0,"k":[540.5,960,0],"ix":1},"s":{"a":1,"k":[{"i":{"x":[0.833,0.833,0.833],"y":[0.833,0.833,0.833]},"o":{"x":[0.167,0.167,0.167],"y":[0.167,0.167,0.167]},"t":3075,"s":[140,140,100]},{"t":3173.611328125,"s":[100,100,100]}],"ix":6}},"ao":0,"ip":3075,"op":3175,"st":3075,"bm":0},{"ddd":0,"ind":43,"ty":2,"nm":"img_47.png","cl":"png","refId":"image_42","sr":1,"ks":{"o":{"a":1,"k":[{"i":{"x":[0.833],"y":[0.833]},"o":{"x":[0.167],"y":[0.167]},"t":3225,"s":[100]},{"t":3250,"s":[0]}],"ix":11},"r":{"a":0,"k":0,"ix":10},"p":{"a":0,"k":[554.5,960,0],"ix":2},"a":{"a":0,"k":[540.5,960,0],"ix":1},"s":{"a":1,"k":[{"i":{"x":[0.833,0.833,0.833],"y":[0.833,0.833,0.833]},"o":{"x":[0.167,0.167,0.167],"y":[0.167,0.167,0.167]},"t":3150,"s":[140,140,100]},{"t":3248.611328125,"s":[100,100,100]}],"ix":6}},"ao":0,"ip":3150,"op":3250,"st":3150,"bm":0},{"ddd":0,"ind":44,"ty":2,"nm":"img_48.png","cl":"png","refId":"image_43","sr":1,"ks":{"o":{"a":1,"k":[{"i":{"x":[0.833],"y":[0.833]},"o":{"x":[0.167],"y":[0.167]},"t":3300,"s":[100]},{"t":3325,"s":[0]}],"ix":11},"r":{"a":0,"k":0,"ix":10},"p":{"a":0,"k":[554.5,960,0],"ix":2},"a":{"a":0,"k":[540.5,960,0],"ix":1},"s":{"a":1,"k":[{"i":{"x":[0.833,0.833,0.833],"y":[0.833,0.833,0.833]},"o":{"x":[0.167,0.167,0.167],"y":[0.167,0.167,0.167]},"t":3225,"s":[140,140,100]},{"t":3323.611328125,"s":[100,100,100]}],"ix":6}},"ao":0,"ip":3225,"op":3325,"st":3225,"bm":0},{"ddd":0,"ind":45,"ty":2,"nm":"img_49.png","cl":"png","refId":"image_44","sr":1,"ks":{"o":{"a":1,"k":[{"i":{"x":[0.833],"y":[0.833]},"o":{"x":[0.167],"y":[0.167]},"t":3375,"s":[100]},{"t":3400,"s":[0]}],"ix":11},"r":{"a":0,"k":0,"ix":10},"p":{"a":0,"k":[554.5,960,0],"ix":2},"a":{"a":0,"k":[541,960,0],"ix":1},"s":{"a":1,"k":[{"i":{"x":[0.833,0.833,0.833],"y":[0.833,0.833,0.833]},"o":{"x":[0.167,0.167,0.167],"y":[0.167,0.167,0.167]},"t":3300,"s":[140,140,100]},{"t":3398.611328125,"s":[100,100,100]}],"ix":6}},"ao":0,"ip":3300,"op":3400,"st":3300,"bm":0},{"ddd":0,"ind":46,"ty":2,"nm":"img_5.png","cl":"png","refId":"image_45","sr":1,"ks":{"o":{"a":1,"k":[{"i":{"x":[0.833],"y":[0.833]},"o":{"x":[0.167],"y":[0.167]},"t":3450,"s":[100]},{"t":3475,"s":[0]}],"ix":11},"r":{"a":0,"k":0,"ix":10},"p":{"a":0,"k":[554.5,960,0],"ix":2},"a":{"a":0,"k":[540.5,960,0],"ix":1},"s":{"a":1,"k":[{"i":{"x":[0.833,0.833,0.833],"y":[0.833,0.833,0.833]},"o":{"x":[0.167,0.167,0.167],"y":[0.167,0.167,0.167]},"t":3375,"s":[140,140,100]},{"t":3473.611328125,"s":[100,100,100]}],"ix":6}},"ao":0,"ip":3375,"op":3475,"st":3375,"bm":0},{"ddd":0,"ind":47,"ty":2,"nm":"img_50.png","cl":"png","refId":"image_46","sr":1,"ks":{"o":{"a":1,"k":[{"i":{"x":[0.833],"y":[0.833]},"o":{"x":[0.167],"y":[0.167]},"t":3525,"s":[100]},{"t":3550,"s":[0]}],"ix":11},"r":{"a":0,"k":0,"ix":10},"p":{"a":0,"k":[554.5,960,0],"ix":2},"a":{"a":0,"k":[540.5,960,0],"ix":1},"s":{"a":1,"k":[{"i":{"x":[0.833,0.833,0.833],"y":[0.833,0.833,0.833]},"o":{"x":[0.167,0.167,0.167],"y":[0.167,0.167,0.167]},"t":3450,"s":[140,140,100]},{"t":3548.611328125,"s":[100,100,100]}],"ix":6}},"ao":0,"ip":3450,"op":3550,"st":3450,"bm":0},{"ddd":0,"ind":48,"ty":2,"nm":"img_51.png","cl":"png","refId":"image_47","sr":1,"ks":{"o":{"a":1,"k":[{"i":{"x":[0.833],"y":[0.833]},"o":{"x":[0.167],"y":[0.167]},"t":3600,"s":[100]},{"t":3625,"s":[0]}],"ix":11},"r":{"a":0,"k":0,"ix":10},"p":{"a":0,"k":[554.5,960,0],"ix":2},"a":{"a":0,"k":[541,960,0],"ix":1},"s":{"a":1,"k":[{"i":{"x":[0.833,0.833,0.833],"y":[0.833,0.833,0.833]},"o":{"x":[0.167,0.167,0.167],"y":[0.167,0.167,0.167]},"t":3525,"s":[140,140,100]},{"t":3623.611328125,"s":[100,100,100]}],"ix":6}},"ao":0,"ip":3525,"op":3625,"st":3525,"bm":0},{"ddd":0,"ind":49,"ty":2,"nm":"img_52.png","cl":"png","refId":"image_48","sr":1,"ks":{"o":{"a":1,"k":[{"i":{"x":[0.833],"y":[0.833]},"o":{"x":[0.167],"y":[0.167]},"t":3675,"s":[100]},{"t":3700,"s":[0]}],"ix":11},"r":{"a":0,"k":0,"ix":10},"p":{"a":0,"k":[554.5,960,0],"ix":2},"a":{"a":0,"k":[540.5,960,0],"ix":1},"s":{"a":1,"k":[{"i":{"x":[0.833,0.833,0.833],"y":[0.833,0.833,0.833]},"o":{"x":[0.167,0.167,0.167],"y":[0.167,0.167,0.167]},"t":3600,"s":[140,140,100]},{"t":3698.611328125,"s":[100,100,100]}],"ix":6}},"ao":0,"ip":3600,"op":3700,"st":3600,"bm":0},{"ddd":0,"ind":50,"ty":2,"nm":"img_53.png","cl":"png","refId":"image_49","sr":1,"ks":{"o":{"a":1,"k":[{"i":{"x":[0.833],"y":[0.833]},"o":{"x":[0.167],"y":[0.167]},"t":3750,"s":[100]},{"t":3775,"s":[0]}],"ix":11},"r":{"a":0,"k":0,"ix":10},"p":{"a":0,"k":[554.5,960,0],"ix":2},"a":{"a":0,"k":[540.5,960,0],"ix":1},"s":{"a":1,"k":[{"i":{"x":[0.833,0.833,0.833],"y":[0.833,0.833,0.833]},"o":{"x":[0.167,0.167,0.167],"y":[0.167,0.167,0.167]},"t":3675,"s":[140,140,100]},{"t":3773.611328125,"s":[100,100,100]}],"ix":6}},"ao":0,"ip":3675,"op":3775,"st":3675,"bm":0},{"ddd":0,"ind":51,"ty":2,"nm":"img_54.png","cl":"png","refId":"image_50","sr":1,"ks":{"o":{"a":1,"k":[{"i":{"x":[0.833],"y":[0.833]},"o":{"x":[0.167],"y":[0.167]},"t":3825,"s":[100]},{"t":3850,"s":[0]}],"ix":11},"r":{"a":0,"k":0,"ix":10},"p":{"a":0,"k":[554.5,960,0],"ix":2},"a":{"a":0,"k":[540.5,960,0],"ix":1},"s":{"a":1,"k":[{"i":{"x":[0.833,0.833,0.833],"y":[0.833,0.833,0.833]},"o":{"x":[0.167,0.167,0.167],"y":[0.167,0.167,0.167]},"t":3750,"s":[140,140,100]},{"t":3848.611328125,"s":[100,100,100]}],"ix":6}},"ao":0,"ip":3750,"op":3850,"st":3750,"bm":0},{"ddd":0,"ind":52,"ty":2,"nm":"img_55.png","cl":"png","refId":"image_51","sr":1,"ks":{"o":{"a":1,"k":[{"i":{"x":[0.833],"y":[0.833]},"o":{"x":[0.167],"y":[0.167]},"t":3900,"s":[100]},{"t":3925,"s":[0]}],"ix":11},"r":{"a":0,"k":0,"ix":10},"p":{"a":0,"k":[554.5,960,0],"ix":2},"a":{"a":0,"k":[540.5,960,0],"ix":1},"s":{"a":1,"k":[{"i":{"x":[0.833,0.833,0.833],"y":[0.833,0.833,0.833]},"o":{"x":[0.167,0.167,0.167],"y":[0.167,0.167,0.167]},"t":3825,"s":[140,140,100]},{"t":3923.611328125,"s":[100,100,100]}],"ix":6}},"ao":0,"ip":3825,"op":3925,"st":3825,"bm":0},{"ddd":0,"ind":53,"ty":2,"nm":"img_56.png","cl":"png","refId":"image_52","sr":1,"ks":{"o":{"a":1,"k":[{"i":{"x":[0.833],"y":[0.833]},"o":{"x":[0.167],"y":[0.167]},"t":3975,"s":[100]},{"t":4000,"s":[0]}],"ix":11},"r":{"a":0,"k":0,"ix":10},"p":{"a":0,"k":[554.5,960,0],"ix":2},"a":{"a":0,"k":[540.5,960,0],"ix":1},"s":{"a":1,"k":[{"i":{"x":[0.833,0.833,0.833],"y":[0.833,0.833,0.833]},"o":{"x":[0.167,0.167,0.167],"y":[0.167,0.167,0.167]},"t":3900,"s":[140,140,100]},{"t":3998.611328125,"s":[100,100,100]}],"ix":6}},"ao":0,"ip":3900,"op":4000,"st":3900,"bm":0},{"ddd":0,"ind":54,"ty":2,"nm":"img_6.png","cl":"png","refId":"image_53","sr":1,"ks":{"o":{"a":1,"k":[{"i":{"x":[0.833],"y":[0.833]},"o":{"x":[0.167],"y":[0.167]},"t":4050,"s":[100]},{"t":4075,"s":[0]}],"ix":11},"r":{"a":0,"k":0,"ix":10},"p":{"a":0,"k":[554.5,960,0],"ix":2},"a":{"a":0,"k":[540.5,960,0],"ix":1},"s":{"a":1,"k":[{"i":{"x":[0.833,0.833,0.833],"y":[0.833,0.833,0.833]},"o":{"x":[0.167,0.167,0.167],"y":[0.167,0.167,0.167]},"t":3975,"s":[140,140,100]},{"t":4073.611328125,"s":[100,100,100]}],"ix":6}},"ao":0,"ip":3975,"op":4075,"st":3975,"bm":0},{"ddd":0,"ind":55,"ty":2,"nm":"img_7.png","cl":"png","refId":"image_54","sr":1,"ks":{"o":{"a":1,"k":[{"i":{"x":[0.833],"y":[0.833]},"o":{"x":[0.167],"y":[0.167]},"t":4125,"s":[100]},{"t":4150,"s":[0]}],"ix":11},"r":{"a":0,"k":0,"ix":10},"p":{"a":0,"k":[554.5,960,0],"ix":2},"a":{"a":0,"k":[540.5,960,0],"ix":1},"s":{"a":1,"k":[{"i":{"x":[0.833,0.833,0.833],"y":[0.833,0.833,0.833]},"o":{"x":[0.167,0.167,0.167],"y":[0.167,0.167,0.167]},"t":4050,"s":[140,140,100]},{"t":4148.611328125,"s":[100,100,100]}],"ix":6}},"ao":0,"ip":4050,"op":4150,"st":4050,"bm":0},{"ddd":0,"ind":56,"ty":2,"nm":"img_8.png","cl":"png","refId":"image_55","sr":1,"ks":{"o":{"a":1,"k":[{"i":{"x":[0.833],"y":[0.833]},"o":{"x":[0.167],"y":[0.167]},"t":4200,"s":[100]},{"t":4225,"s":[0]}],"ix":11},"r":{"a":0,"k":0,"ix":10},"p":{"a":0,"k":[554.5,960,0],"ix":2},"a":{"a":0,"k":[541,960,0],"ix":1},"s":{"a":1,"k":[{"i":{"x":[0.833,0.833,0.833],"y":[0.833,0.833,0.833]},"o":{"x":[0.167,0.167,0.167],"y":[0.167,0.167,0.167]},"t":4125,"s":[140,140,100]},{"t":4223.611328125,"s":[100,100,100]}],"ix":6}},"ao":0,"ip":4125,"op":4225,"st":4125,"bm":0},{"ddd":0,"ind":57,"ty":2,"nm":"img_9.png","cl":"png","refId":"image_56","sr":1,"ks":{"o":{"a":0,"k":100,"ix":11},"r":{"a":0,"k":0,"ix":10},"p":{"a":0,"k":[554.5,960,0],"ix":2},"a":{"a":0,"k":[540,960,0],"ix":1},"s":{"a":1,"k":[{"i":{"x":[0.833,0.833,0.833],"y":[0.833,0.833,0.833]},"o":{"x":[0.167,0.167,0.167],"y":[0.167,0.167,0.167]},"t":4200,"s":[140,140,100]},{"t":4298.611328125,"s":[100,100,100]}],"ix":6}},"ao":0,"ip":4200,"op":4275,"st":4200,"bm":0}],"markers":[]}